{
  "run_id": "phase5-closure-pass-final",
  "backend": "tensorflow",
  "config": {
    "sequence_length": 24,
    "horizon": 1,
    "hidden_units": [
      64,
      32
    ],
    "dropout": 0.2,
    "learning_rate": 0.001,
    "epochs": 1,
    "batch_size": 32,
    "test_size": 0.2,
    "val_size": 0.2,
    "normalize": true,
    "normalize_method": "minmax",
    "seed": 42
  },
  "models": {
    "lstm": {
      "metrics": {
        "mae": 0.18958353996276855,
        "mse": 0.048763666301965714,
        "rmse": 0.2208249717950821,
        "mape": 101.28604125976562,
        "r2": 0.3152163624763489
      },
      "split_indices": {
        "n_total": 800,
        "train": {
          "start": 0,
          "end": 512
        },
        "val": {
          "start": 512,
          "end": 640
        },
        "test": {
          "start": 640,
          "end": 800
        },
        "ratios": {
          "test_size": 0.2,
          "val_size": 0.2
        }
      }
    },
    "gru": {
      "metrics": {
        "mae": 0.10106685012578964,
        "mse": 0.014722470194101334,
        "rmse": 0.1213361844420433,
        "mape": 51.82056427001953,
        "r2": 0.7932537198066711
      },
      "split_indices": {
        "n_total": 800,
        "train": {
          "start": 0,
          "end": 512
        },
        "val": {
          "start": 512,
          "end": 640
        },
        "test": {
          "start": 640,
          "end": 800
        },
        "ratios": {
          "test_size": 0.2,
          "val_size": 0.2
        }
      }
    }
  },
  "summary": {
    "winner_by_rmse": "gru",
    "rmse_gap": 0.09948878735303879
  },
  "saved_at": "2026-02-18T20:50:13.701286"
}