run_id,horizon_step,y_pred,generated_at
alias-pr-20260220-032059-smoke,1,-0.49371203780174255,2026-02-20T03:21:31.171228
