run_id,horizon_step,y_pred,generated_at
alias-smoke-001,1,-0.45536521077156067,2026-02-20T03:20:35.878216
