run_id,horizon_step,y_pred,generated_at
day5-final-smoke-20260220-030319,1,-0.4725407660007477,2026-02-20T03:03:25.282123
