run_id,horizon_step,y_pred,generated_at
demo-smoke-20260220-0355,1,-0.47005319595336914,2026-02-20T03:55:53.975430
