run_id,horizon_step,y_pred,generated_at
gui-streamc-smoke-20260220-032343,1,-0.48716479539871216,2026-02-20T03:23:49.277097
