run_id,horizon_step,y_pred,generated_at
gui-complete-closeout-20260220-20260220-033720-smoke,1,-0.45640841126441956,2026-02-20T03:37:51.923496
