run_id,horizon_step,y_pred,generated_at
gui-qa-smoke-20260220-033704,1,-0.479714035987854,2026-02-20T03:37:09.262877
