run_id,horizon_step,y_pred,generated_at
phase4-smoke-20260220-025539,1,-0.46276092529296875,2026-02-20T02:55:45.711769
