run_id,horizon_step,y_pred,generated_at
phase4-smoke-20260220-025655,1,-0.4892981946468353,2026-02-20T02:57:01.053029
