run_id,horizon_step,y_pred,generated_at
phase4-smoke-20260220-025722,1,-0.48795285820961,2026-02-20T02:57:27.886525
