run_id,horizon_step,y_pred,generated_at
pre-release-20260220-031947-smoke,1,-0.4539605975151062,2026-02-20T03:20:17.762763
