run_id,horizon_step,y_pred,generated_at
pre-release-20260220-031236-smoke,1,-0.45105066895484924,2026-02-20T03:13:06.875343
