run_id,horizon_step,y_pred,generated_at
pre-release-20260220-030757-smoke,1,-0.45804035663604736,2026-02-20T03:08:28.934281
