run_id,horizon_step,y_pred,generated_at
quick-gate-20260221-004302,1,-0.47302794456481934,2026-02-21T00:43:10.594372
