run_id,horizon_step,y_pred,generated_at
smoke-phase4-20260220-025518,1,-0.45423436164855957,2026-02-20T02:55:24.401834
