{
  "lstm": {
    "mae": 0.705438494682312,
    "mse": 0.6048372983932495,
    "rmse": 0.777712881565094,
    "mape": 148.78973388671875,
    "r2": 0.007690370082855225
  },
  "naive_last": {
    "mae": 0.1001562774181366,
    "mse": 0.016767581924796104,
    "rmse": 0.1294897049665451,
    "mape": 39.0211181640625,
    "r2": 0.9724907279014587
  },
  "moving_average_24": {
    "window": 24,
    "mae": 0.9135264158248901,
    "mse": 1.0396950244903564,
    "rmse": 1.019654393196106,
    "mape": 365.581787109375,
    "r2": -0.7057468891143799
  },
  "relative_improvement_rmse_pct": {
    "vs_naive_last": -500.59819559107336,
    "vs_moving_average_24": 23.727795503324113
  },
  "metrics": {
    "model": {
      "mae": 0.705438494682312,
      "mse": 0.6048372983932495,
      "rmse": 0.777712881565094,
      "mape": 148.78973388671875,
      "r2": 0.007690370082855225
    },
    "baseline": {
      "naive": {
        "mae": 0.1001562774181366,
        "mse": 0.016767581924796104,
        "rmse": 0.1294897049665451,
        "mape": 39.0211181640625,
        "r2": 0.9724907279014587
      },
      "ma": {
        "window": 24,
        "mae": 0.9135264158248901,
        "mse": 1.0396950244903564,
        "rmse": 1.019654393196106,
        "mape": 365.581787109375,
        "r2": -0.7057468891143799
      }
    },
    "delta_vs_baseline": {
      "naive": {
        "rmse_improvement_pct": -500.59819559107336
      },
      "ma": {
        "rmse_improvement_pct": 23.727795503324113
      }
    }
  },
  "evaluation_context": {
    "split": "test",
    "scale": "train_fit_only_then_transform",
    "horizon": 1,
    "sequence_length": 24
  }
}