{
  "lstm": {
    "mae": 0.7370272278785706,
    "mse": 0.6635475158691406,
    "rmse": 0.8145842552185059,
    "mape": 413.42291259765625,
    "r2": 0.008547186851501465
  },
  "naive_last": {
    "mae": 0.0993320643901825,
    "mse": 0.015369638800621033,
    "rmse": 0.12397434562444687,
    "mape": 129.9814910888672,
    "r2": 0.9770351648330688
  },
  "moving_average_24": {
    "window": 24,
    "mae": 0.9370969533920288,
    "mse": 1.125150442123413,
    "rmse": 1.060731053352356,
    "mape": 1367.4351806640625,
    "r2": -0.6811660528182983
  },
  "relative_improvement_rmse_pct": {
    "vs_naive_last": -557.0586804952713,
    "vs_moving_average_24": 23.20539169993974
  },
  "metrics": {
    "model": {
      "mae": 0.7370272278785706,
      "mse": 0.6635475158691406,
      "rmse": 0.8145842552185059,
      "mape": 413.42291259765625,
      "r2": 0.008547186851501465
    },
    "baseline": {
      "naive": {
        "mae": 0.0993320643901825,
        "mse": 0.015369638800621033,
        "rmse": 0.12397434562444687,
        "mape": 129.9814910888672,
        "r2": 0.9770351648330688
      },
      "ma": {
        "window": 24,
        "mae": 0.9370969533920288,
        "mse": 1.125150442123413,
        "rmse": 1.060731053352356,
        "mape": 1367.4351806640625,
        "r2": -0.6811660528182983
      }
    },
    "delta_vs_baseline": {
      "naive": {
        "rmse_improvement_pct": -557.0586804952713
      },
      "ma": {
        "rmse_improvement_pct": 23.20539169993974
      }
    }
  },
  "evaluation_context": {
    "split": "test",
    "scale": "train_fit_only_then_transform",
    "horizon": 1,
    "sequence_length": 24
  }
}