{
  "lstm": {
    "mae": 0.800819456577301,
    "mse": 0.7971700429916382,
    "rmse": 0.8928437829017639,
    "mape": 89.91725158691406,
    "r2": -0.007605075836181641
  },
  "naive_last": {
    "mae": 0.11317404359579086,
    "mse": 0.019923679530620575,
    "rmse": 0.14115126430988312,
    "mape": 21.8078556060791,
    "r2": 0.9748169183731079
  },
  "moving_average_24": {
    "window": 24,
    "mae": 0.985322892665863,
    "mse": 1.2596020698547363,
    "rmse": 1.1223199367523193,
    "mape": 156.5360565185547,
    "r2": -0.5921088457107544
  },
  "relative_improvement_rmse_pct": {
    "vs_naive_last": -532.5439123855284,
    "vs_moving_average_24": 20.44658963022045
  },
  "metrics": {
    "model": {
      "mae": 0.800819456577301,
      "mse": 0.7971700429916382,
      "rmse": 0.8928437829017639,
      "mape": 89.91725158691406,
      "r2": -0.007605075836181641
    },
    "baseline": {
      "naive": {
        "mae": 0.11317404359579086,
        "mse": 0.019923679530620575,
        "rmse": 0.14115126430988312,
        "mape": 21.8078556060791,
        "r2": 0.9748169183731079
      },
      "ma": {
        "window": 24,
        "mae": 0.985322892665863,
        "mse": 1.2596020698547363,
        "rmse": 1.1223199367523193,
        "mape": 156.5360565185547,
        "r2": -0.5921088457107544
      }
    },
    "delta_vs_baseline": {
      "naive": {
        "rmse_improvement_pct": -532.5439123855284
      },
      "ma": {
        "rmse_improvement_pct": 20.44658963022045
      }
    }
  },
  "evaluation_context": {
    "split": "test",
    "scale": "train_fit_only_then_transform",
    "horizon": 1,
    "sequence_length": 24
  }
}