{
  "lstm": {
    "mae": 0.7668280005455017,
    "mse": 0.7102488279342651,
    "rmse": 0.8427625894546509,
    "mape": 317.8039855957031,
    "r2": -0.0009418725967407227
  },
  "naive_last": {
    "mae": 0.11587738990783691,
    "mse": 0.021644238382577896,
    "rmse": 0.14711980521678925,
    "mape": 48.37420654296875,
    "r2": 0.9694971442222595
  },
  "moving_average_24": {
    "window": 24,
    "mae": 0.9589090943336487,
    "mse": 1.1767635345458984,
    "rmse": 1.084787368774414,
    "mape": 933.9463500976562,
    "r2": -0.658393383026123
  },
  "relative_improvement_rmse_pct": {
    "vs_naive_last": -472.84098556866263,
    "vs_moving_average_24": 22.310803393859658
  },
  "metrics": {
    "model": {
      "mae": 0.7668280005455017,
      "mse": 0.7102488279342651,
      "rmse": 0.8427625894546509,
      "mape": 317.8039855957031,
      "r2": -0.0009418725967407227
    },
    "baseline": {
      "naive": {
        "mae": 0.11587738990783691,
        "mse": 0.021644238382577896,
        "rmse": 0.14711980521678925,
        "mape": 48.37420654296875,
        "r2": 0.9694971442222595
      },
      "ma": {
        "window": 24,
        "mae": 0.9589090943336487,
        "mse": 1.1767635345458984,
        "rmse": 1.084787368774414,
        "mape": 933.9463500976562,
        "r2": -0.658393383026123
      }
    },
    "delta_vs_baseline": {
      "naive": {
        "rmse_improvement_pct": -472.84098556866263
      },
      "ma": {
        "rmse_improvement_pct": 22.310803393859658
      }
    }
  },
  "evaluation_context": {
    "split": "test",
    "scale": "train_fit_only_then_transform",
    "horizon": 1,
    "sequence_length": 24
  }
}