{
  "lstm": {
    "mae": 0.7392350435256958,
    "mse": 0.6833708882331848,
    "rmse": 0.8266624808311462,
    "mape": 119.48188781738281,
    "r2": 0.01968395709991455
  },
  "naive_last": {
    "mae": 0.1186201199889183,
    "mse": 0.017650224268436432,
    "rmse": 0.1328541487455368,
    "mape": 36.656124114990234,
    "r2": 0.9746802449226379
  },
  "moving_average_24": {
    "window": 24,
    "mae": 0.9477373957633972,
    "mse": 1.1408601999282837,
    "rmse": 1.0681105852127075,
    "mape": 264.3348693847656,
    "r2": -0.6365982294082642
  },
  "relative_improvement_rmse_pct": {
    "vs_naive_last": -522.2330551311535,
    "vs_moving_average_24": 22.605159565286254
  },
  "metrics": {
    "model": {
      "mae": 0.7392350435256958,
      "mse": 0.6833708882331848,
      "rmse": 0.8266624808311462,
      "mape": 119.48188781738281,
      "r2": 0.01968395709991455
    },
    "baseline": {
      "naive": {
        "mae": 0.1186201199889183,
        "mse": 0.017650224268436432,
        "rmse": 0.1328541487455368,
        "mape": 36.656124114990234,
        "r2": 0.9746802449226379
      },
      "ma": {
        "window": 24,
        "mae": 0.9477373957633972,
        "mse": 1.1408601999282837,
        "rmse": 1.0681105852127075,
        "mape": 264.3348693847656,
        "r2": -0.6365982294082642
      }
    },
    "delta_vs_baseline": {
      "naive": {
        "rmse_improvement_pct": -522.2330551311535
      },
      "ma": {
        "rmse_improvement_pct": 22.605159565286254
      }
    }
  },
  "evaluation_context": {
    "split": "test",
    "scale": "train_fit_only_then_transform",
    "horizon": 1,
    "sequence_length": 24
  }
}