{
  "lstm": {
    "mae": 0.740455150604248,
    "mse": 0.6779003143310547,
    "rmse": 0.8233470320701599,
    "mape": 101.71353912353516,
    "r2": -0.04720592498779297
  },
  "naive_last": {
    "mae": 0.11583647131919861,
    "mse": 0.017889216542243958,
    "rmse": 0.1337505728006363,
    "mape": 28.808874130249023,
    "r2": 0.972365140914917
  },
  "moving_average_3": {
    "mae": 0.1966358721256256,
    "mse": 0.04954720288515091,
    "rmse": 0.22259201109409332,
    "mape": 51.821685791015625,
    "r2": 0.9234605431556702
  },
  "relative_improvement_rmse_pct": {
    "vs_naive_last": -515.5838911725797,
    "vs_moving_average_3": -269.8906358023128
  },
  "evaluation_context": {
    "split": "test",
    "scale": "train_fit_only_then_transform",
    "horizon": 1,
    "sequence_length": 24
  }
}