{
  "lstm": {
    "mae": 0.11371272802352905,
    "mse": 0.016830801963806152,
    "rmse": 0.12973357737064362,
    "mape": 757.4841918945312,
    "r2": -3.3864970207214355
  },
  "naive_last": {
    "mae": 0.0254357997328043,
    "mse": 0.0009216170874424279,
    "rmse": 0.030358146876096725,
    "mape": 100.91654205322266,
    "r2": 0.7598052024841309
  },
  "moving_average_3": {
    "mae": 0.04155659303069115,
    "mse": 0.0025990346912294626,
    "rmse": 0.05098072811961174,
    "mape": 172.23081970214844,
    "r2": 0.322631299495697
  },
  "relative_improvement_rmse_pct": {
    "vs_naive_last": -327.34342503115755,
    "vs_moving_average_3": -154.47569445985815
  },
  "evaluation_context": {
    "split": "test",
    "scale": "train_fit_only_then_transform",
    "horizon": 1,
    "sequence_length": 24
  }
}