{
  "lstm": {
    "mae": 0.7156471014022827,
    "mse": 0.6264527440071106,
    "rmse": 0.7914876937866211,
    "mape": 218.6400604248047,
    "r2": 0.11448204517364502
  },
  "naive_last": {
    "mae": 0.12680870294570923,
    "mse": 0.02262231707572937,
    "rmse": 0.15040716528892517,
    "mape": 80.97968292236328,
    "r2": 0.9680224061012268
  },
  "moving_average_3": {
    "mae": 0.20794811844825745,
    "mse": 0.05879576876759529,
    "rmse": 0.2424783855676651,
    "mape": 213.13929748535156,
    "r2": 0.9168896675109863
  },
  "relative_improvement_rmse_pct": {
    "vs_naive_last": -426.23001679687826,
    "vs_moving_average_3": -226.41576249862288
  },
  "evaluation_context": {
    "split": "test",
    "scale": "train_fit_only_then_transform",
    "horizon": 1,
    "sequence_length": 24
  }
}