{
  "lstm": {
    "mae": 0.0765657126903534,
    "mse": 0.008163492195308208,
    "rmse": 0.09035204350948334,
    "mape": 61.21378707885742,
    "r2": 0.8857200145721436
  },
  "naive_last": {
    "mae": 0.06850909441709518,
    "mse": 0.007017742842435837,
    "rmse": 0.0837719663977623,
    "mape": 40.58243179321289,
    "r2": 0.9017592668533325
  },
  "moving_average_3": {
    "mae": 0.1214209720492363,
    "mse": 0.020988188683986664,
    "rmse": 0.1448730081319809,
    "mape": 70.4581527709961,
    "r2": 0.7061883211135864
  },
  "relative_improvement_rmse_pct": {
    "vs_naive_last": -7.85474736859235,
    "vs_moving_average_3": 37.633622413269784
  },
  "evaluation_context": {
    "split": "test",
    "scale": "train_fit_only_then_transform",
    "horizon": 1,
    "sequence_length": 24
  }
}