{
  "lstm": {
    "mae": 0.7277946472167969,
    "mse": 0.6519441604614258,
    "rmse": 0.8074305653572083,
    "mape": 96.1304702758789,
    "r2": -0.019965648651123047
  },
  "naive_last": {
    "mae": 0.10807233303785324,
    "mse": 0.0182039774954319,
    "rmse": 0.1349221169948578,
    "mape": 30.89461326599121,
    "r2": 0.9715198874473572
  },
  "moving_average_24": {
    "window": 24,
    "mae": 0.9417116641998291,
    "mse": 1.1250026226043701,
    "rmse": 1.0606614351272583,
    "mape": 194.964599609375,
    "r2": -0.760064959526062
  },
  "relative_improvement_rmse_pct": {
    "vs_naive_last": -498.44192597703517,
    "vs_moving_average_24": 23.874806700423377
  },
  "metrics": {
    "model": {
      "mae": 0.7277946472167969,
      "mse": 0.6519441604614258,
      "rmse": 0.8074305653572083,
      "mape": 96.1304702758789,
      "r2": -0.019965648651123047
    },
    "baseline": {
      "naive": {
        "mae": 0.10807233303785324,
        "mse": 0.0182039774954319,
        "rmse": 0.1349221169948578,
        "mape": 30.89461326599121,
        "r2": 0.9715198874473572
      },
      "ma": {
        "window": 24,
        "mae": 0.9417116641998291,
        "mse": 1.1250026226043701,
        "rmse": 1.0606614351272583,
        "mape": 194.964599609375,
        "r2": -0.760064959526062
      }
    },
    "delta_vs_baseline": {
      "naive": {
        "rmse_improvement_pct": -498.44192597703517
      },
      "ma": {
        "rmse_improvement_pct": 23.874806700423377
      }
    }
  },
  "evaluation_context": {
    "split": "test",
    "scale": "train_fit_only_then_transform",
    "horizon": 1,
    "sequence_length": 24
  }
}