{
  "lstm": {
    "mae": 0.7961649298667908,
    "mse": 0.7716522812843323,
    "rmse": 0.8784373998641968,
    "mape": 118.73284912109375,
    "r2": -0.011380434036254883
  },
  "naive_last": {
    "mae": 0.13326439261436462,
    "mse": 0.024862460792064667,
    "rmse": 0.15767835080623627,
    "mape": 40.55491256713867,
    "r2": 0.9674135446548462
  },
  "moving_average_24": {
    "window": 24,
    "mae": 0.9904093146324158,
    "mse": 1.2435712814331055,
    "rmse": 1.1151552200317383,
    "mape": 258.788818359375,
    "r2": -0.629909873008728
  },
  "relative_improvement_rmse_pct": {
    "vs_naive_last": -457.10714226898165,
    "vs_moving_average_24": 21.227342507356965
  },
  "metrics": {
    "model": {
      "mae": 0.7961649298667908,
      "mse": 0.7716522812843323,
      "rmse": 0.8784373998641968,
      "mape": 118.73284912109375,
      "r2": -0.011380434036254883
    },
    "baseline": {
      "naive": {
        "mae": 0.13326439261436462,
        "mse": 0.024862460792064667,
        "rmse": 0.15767835080623627,
        "mape": 40.55491256713867,
        "r2": 0.9674135446548462
      },
      "ma": {
        "window": 24,
        "mae": 0.9904093146324158,
        "mse": 1.2435712814331055,
        "rmse": 1.1151552200317383,
        "mape": 258.788818359375,
        "r2": -0.629909873008728
      }
    },
    "delta_vs_baseline": {
      "naive": {
        "rmse_improvement_pct": -457.10714226898165
      },
      "ma": {
        "rmse_improvement_pct": 21.227342507356965
      }
    }
  },
  "evaluation_context": {
    "split": "test",
    "scale": "train_fit_only_then_transform",
    "horizon": 1,
    "sequence_length": 24
  }
}