{
  "lstm": {
    "mae": 0.694982647895813,
    "mse": 0.6119686365127563,
    "rmse": 0.7822842597961426,
    "mape": 108.18438720703125,
    "r2": 0.0019015669822692871
  },
  "naive_last": {
    "mae": 0.10789342224597931,
    "mse": 0.01646076701581478,
    "rmse": 0.1282995194196701,
    "mape": 27.675289154052734,
    "r2": 0.9731531143188477
  },
  "moving_average_24": {
    "window": 24,
    "mae": 0.9058740735054016,
    "mse": 1.0266978740692139,
    "rmse": 1.0132609605789185,
    "mape": 246.7637939453125,
    "r2": -0.6745065450668335
  },
  "relative_improvement_rmse_pct": {
    "vs_naive_last": -509.7327662342988,
    "vs_moving_average_24": 22.79538119886422
  },
  "metrics": {
    "model": {
      "mae": 0.694982647895813,
      "mse": 0.6119686365127563,
      "rmse": 0.7822842597961426,
      "mape": 108.18438720703125,
      "r2": 0.0019015669822692871
    },
    "baseline": {
      "naive": {
        "mae": 0.10789342224597931,
        "mse": 0.01646076701581478,
        "rmse": 0.1282995194196701,
        "mape": 27.675289154052734,
        "r2": 0.9731531143188477
      },
      "ma": {
        "window": 24,
        "mae": 0.9058740735054016,
        "mse": 1.0266978740692139,
        "rmse": 1.0132609605789185,
        "mape": 246.7637939453125,
        "r2": -0.6745065450668335
      }
    },
    "delta_vs_baseline": {
      "naive": {
        "rmse_improvement_pct": -509.7327662342988
      },
      "ma": {
        "rmse_improvement_pct": 22.79538119886422
      }
    }
  },
  "evaluation_context": {
    "split": "test",
    "scale": "train_fit_only_then_transform",
    "horizon": 1,
    "sequence_length": 24
  }
}