{
  "lstm": {
    "mae": 0.7432864904403687,
    "mse": 0.6694252490997314,
    "rmse": 0.8181841373443604,
    "mape": 351.7912902832031,
    "r2": -0.033310532569885254
  },
  "naive_last": {
    "mae": 0.11132104694843292,
    "mse": 0.016839642077684402,
    "rmse": 0.12976764142513275,
    "mape": 136.0080108642578,
    "r2": 0.974006712436676
  },
  "moving_average_24": {
    "window": 24,
    "mae": 0.9607657194137573,
    "mse": 1.1377239227294922,
    "rmse": 1.0666414499282837,
    "mape": 1015.508056640625,
    "r2": -0.7561664581298828
  },
  "relative_improvement_rmse_pct": {
    "vs_naive_last": -530.4993103896913,
    "vs_moving_average_24": 23.293423509023224
  },
  "metrics": {
    "model": {
      "mae": 0.7432864904403687,
      "mse": 0.6694252490997314,
      "rmse": 0.8181841373443604,
      "mape": 351.7912902832031,
      "r2": -0.033310532569885254
    },
    "baseline": {
      "naive": {
        "mae": 0.11132104694843292,
        "mse": 0.016839642077684402,
        "rmse": 0.12976764142513275,
        "mape": 136.0080108642578,
        "r2": 0.974006712436676
      },
      "ma": {
        "window": 24,
        "mae": 0.9607657194137573,
        "mse": 1.1377239227294922,
        "rmse": 1.0666414499282837,
        "mape": 1015.508056640625,
        "r2": -0.7561664581298828
      }
    },
    "delta_vs_baseline": {
      "naive": {
        "rmse_improvement_pct": -530.4993103896913
      },
      "ma": {
        "rmse_improvement_pct": 23.293423509023224
      }
    }
  },
  "evaluation_context": {
    "split": "test",
    "scale": "train_fit_only_then_transform",
    "horizon": 1,
    "sequence_length": 24
  }
}