{
  "lstm": {
    "mae": 0.10210957378149033,
    "mse": 0.012006101198494434,
    "rmse": 0.10957235842943192,
    "mape": 261.8287048339844,
    "r2": -6.567146301269531
  },
  "naive_last": {
    "mae": 0.02794533409178257,
    "mse": 0.001386428251862526,
    "rmse": 0.037234771996736526,
    "mape": 48.58794021606445,
    "r2": 0.1261688470840454
  },
  "moving_average_3": {
    "mae": 0.027923300862312317,
    "mse": 0.0016166282584890723,
    "rmse": 0.04020731523633003,
    "mape": 53.64335250854492,
    "r2": -0.018920421600341797
  },
  "relative_improvement_rmse_pct": {
    "vs_naive_last": -194.2742311181934,
    "vs_moving_average_3": -172.51842241529133
  },
  "evaluation_context": {
    "split": "test",
    "scale": "train_fit_only_then_transform",
    "horizon": 1,
    "sequence_length": 24
  }
}