{
  "lstm": {
    "mae": 0.0945785716176033,
    "mse": 0.010584384202957153,
    "rmse": 0.10288043320178986,
    "mape": 427.9102783203125,
    "r2": -7.7752275466918945
  },
  "naive_last": {
    "mae": 0.025086885318160057,
    "mse": 0.0010332574602216482,
    "rmse": 0.032144322991371155,
    "mape": 69.36268615722656,
    "r2": 0.1433541178703308
  },
  "moving_average_3": {
    "mae": 0.031165538355708122,
    "mse": 0.0012799581745639443,
    "rmse": 0.03577650338411331,
    "mape": 124.90322875976562,
    "r2": -0.06117880344390869
  },
  "relative_improvement_rmse_pct": {
    "vs_naive_last": -220.05779441560395,
    "vs_moving_average_3": -187.5641963687671
  },
  "evaluation_context": {
    "split": "test",
    "scale": "train_fit_only_then_transform",
    "horizon": 1,
    "sequence_length": 24
  }
}