{
  "lstm": {
    "mae": 0.07910807430744171,
    "mse": 0.008601854555308819,
    "rmse": 0.09274618327617645,
    "mape": 132.7808380126953,
    "r2": -3.3589224815368652
  },
  "naive_last": {
    "mae": 0.03304530307650566,
    "mse": 0.0014719649916514754,
    "rmse": 0.03836619481444359,
    "mape": 38.46329116821289,
    "r2": 0.2540932297706604
  },
  "moving_average_3": {
    "mae": 0.03639783710241318,
    "mse": 0.0021208759862929583,
    "rmse": 0.0460529699921608,
    "mape": 44.23713684082031,
    "r2": -0.07473742961883545
  },
  "relative_improvement_rmse_pct": {
    "vs_naive_last": -141.7392956242068,
    "vs_moving_average_3": -101.3902103446158
  },
  "evaluation_context": {
    "split": "test",
    "scale": "train_fit_only_then_transform",
    "horizon": 1,
    "sequence_length": 24
  }
}