{
  "lstm": {
    "mae": 0.09901522845029831,
    "mse": 0.014117914251983166,
    "rmse": 0.11881882697343826,
    "mape": 790.7070922851562,
    "r2": -9.948519706726074
  },
  "naive_last": {
    "mae": 0.023195186629891396,
    "mse": 0.000761733390390873,
    "rmse": 0.0275995172560215,
    "mape": 104.6367416381836,
    "r2": 0.40927159786224365
  },
  "moving_average_3": {
    "mae": 0.034251634031534195,
    "mse": 0.001579990261234343,
    "rmse": 0.03974908962845802,
    "mape": 197.24606323242188,
    "r2": -0.22529113292694092
  },
  "relative_improvement_rmse_pct": {
    "vs_naive_last": -330.510406469064,
    "vs_moving_average_3": -198.9220839819248
  },
  "evaluation_context": {
    "split": "test",
    "scale": "train_fit_only_then_transform",
    "horizon": 1,
    "sequence_length": 24
  }
}