{
  "lstm": {
    "mae": 0.09445226937532425,
    "mse": 0.012537729926407337,
    "rmse": 0.11197200417518616,
    "mape": 467.83050537109375,
    "r2": -6.701273441314697
  },
  "naive_last": {
    "mae": 0.03041837550699711,
    "mse": 0.0011631164234131575,
    "rmse": 0.034104492515325546,
    "mape": 112.67515563964844,
    "r2": 0.28555828332901
  },
  "moving_average_3": {
    "mae": 0.04020782560110092,
    "mse": 0.0023966918233782053,
    "rmse": 0.048956017941236496,
    "mape": 170.68016052246094,
    "r2": -0.47216272354125977
  },
  "relative_improvement_rmse_pct": {
    "vs_naive_last": -228.32032698576757,
    "vs_moving_average_3": -128.71956505456242
  },
  "evaluation_context": {
    "split": "test",
    "scale": "train_fit_only_then_transform",
    "horizon": 1,
    "sequence_length": 24
  }
}