{
  "lstm": {
    "mae": 0.07121296972036362,
    "mse": 0.006745938211679459,
    "rmse": 0.08213365823030472,
    "mape": 102.6611557006836,
    "r2": -6.210721969604492
  },
  "naive_last": {
    "mae": 0.034651342779397964,
    "mse": 0.0016576781636103988,
    "rmse": 0.04071459546685219,
    "mape": 44.743980407714844,
    "r2": -0.771889328956604
  },
  "moving_average_3": {
    "mae": 0.04690806567668915,
    "mse": 0.0027974278200417757,
    "rmse": 0.05289071425795555,
    "mape": 61.878692626953125,
    "r2": -1.9901659488677979
  },
  "relative_improvement_rmse_pct": {
    "vs_naive_last": -101.73023240314554,
    "vs_moving_average_3": -55.28936194884984
  },
  "evaluation_context": {
    "split": "test",
    "scale": "train_fit_only_then_transform",
    "horizon": 1,
    "sequence_length": 24
  }
}