{
  "lstm": {
    "mae": 0.18958353996276855,
    "mse": 0.048763666301965714,
    "rmse": 0.2208249717950821,
    "mape": 101.28604125976562,
    "r2": 0.3152163624763489
  },
  "naive_last": {
    "mae": 0.03847016021609306,
    "mse": 0.002377405297011137,
    "rmse": 0.04875864461064339,
    "mape": 17.20762825012207,
    "r2": 0.966614305973053
  },
  "moving_average_3": {
    "mae": 0.05865094065666199,
    "mse": 0.005294876638799906,
    "rmse": 0.07276590168476105,
    "mape": 24.274219512939453,
    "r2": 0.9256445169448853
  },
  "relative_improvement_rmse_pct": {
    "vs_naive_last": -352.8939191584643,
    "vs_moving_average_3": -203.4731190502327
  },
  "evaluation_context": {
    "split": "test",
    "scale": "train_fit_only_then_transform",
    "horizon": 1,
    "sequence_length": 24
  }
}