{
  "lstm": {
    "mae": 0.734310507774353,
    "mse": 0.7123537063598633,
    "rmse": 0.8440104722976685,
    "mape": 99.94812774658203,
    "r2": -0.01865530014038086
  },
  "naive_last": {
    "mae": 0.11934298276901245,
    "mse": 0.021342184394598007,
    "rmse": 0.14608964323997498,
    "mape": 27.70289421081543,
    "r2": 0.9694809913635254
  },
  "moving_average_24": {
    "window": 24,
    "mae": 0.971552312374115,
    "mse": 1.206946849822998,
    "rmse": 1.0986113548278809,
    "mape": 210.67584228515625,
    "r2": -0.7259161472320557
  },
  "relative_improvement_rmse_pct": {
    "vs_naive_last": -477.73460582540366,
    "vs_moving_average_24": 23.174790529324323
  },
  "metrics": {
    "model": {
      "mae": 0.734310507774353,
      "mse": 0.7123537063598633,
      "rmse": 0.8440104722976685,
      "mape": 99.94812774658203,
      "r2": -0.01865530014038086
    },
    "baseline": {
      "naive": {
        "mae": 0.11934298276901245,
        "mse": 0.021342184394598007,
        "rmse": 0.14608964323997498,
        "mape": 27.70289421081543,
        "r2": 0.9694809913635254
      },
      "ma": {
        "window": 24,
        "mae": 0.971552312374115,
        "mse": 1.206946849822998,
        "rmse": 1.0986113548278809,
        "mape": 210.67584228515625,
        "r2": -0.7259161472320557
      }
    },
    "delta_vs_baseline": {
      "naive": {
        "rmse_improvement_pct": -477.73460582540366
      },
      "ma": {
        "rmse_improvement_pct": 23.174790529324323
      }
    }
  },
  "evaluation_context": {
    "split": "test",
    "scale": "train_fit_only_then_transform",
    "horizon": 1,
    "sequence_length": 24
  }
}