{
  "lstm": {
    "mae": 0.7520354986190796,
    "mse": 0.6851038932800293,
    "rmse": 0.8277100324630737,
    "mape": 120.29535675048828,
    "r2": 0.002292156219482422
  },
  "naive_last": {
    "mae": 0.13579340279102325,
    "mse": 0.024654030799865723,
    "rmse": 0.15701602399349213,
    "mape": 40.8773307800293,
    "r2": 0.9640966653823853
  },
  "moving_average_24": {
    "window": 24,
    "mae": 0.9186059832572937,
    "mse": 1.1210689544677734,
    "rmse": 1.0588054656982422,
    "mape": 241.76556396484375,
    "r2": -0.6325980424880981
  },
  "relative_improvement_rmse_pct": {
    "vs_naive_last": -427.1500122703265,
    "vs_moving_average_24": 21.826051955650282
  },
  "metrics": {
    "model": {
      "mae": 0.7520354986190796,
      "mse": 0.6851038932800293,
      "rmse": 0.8277100324630737,
      "mape": 120.29535675048828,
      "r2": 0.002292156219482422
    },
    "baseline": {
      "naive": {
        "mae": 0.13579340279102325,
        "mse": 0.024654030799865723,
        "rmse": 0.15701602399349213,
        "mape": 40.8773307800293,
        "r2": 0.9640966653823853
      },
      "ma": {
        "window": 24,
        "mae": 0.9186059832572937,
        "mse": 1.1210689544677734,
        "rmse": 1.0588054656982422,
        "mape": 241.76556396484375,
        "r2": -0.6325980424880981
      }
    },
    "delta_vs_baseline": {
      "naive": {
        "rmse_improvement_pct": -427.1500122703265
      },
      "ma": {
        "rmse_improvement_pct": 21.826051955650282
      }
    }
  },
  "evaluation_context": {
    "split": "test",
    "scale": "train_fit_only_then_transform",
    "horizon": 1,
    "sequence_length": 24
  }
}