{
  "lstm": {
    "mae": 0.1751834601163864,
    "mse": 0.042393606156110764,
    "rmse": 0.20589707791805267,
    "mape": 156.75999450683594,
    "r2": 0.4065358638763428
  },
  "naive_last": {
    "mae": 0.06850909441709518,
    "mse": 0.007017742842435837,
    "rmse": 0.0837719663977623,
    "mape": 40.58243179321289,
    "r2": 0.9017592668533325
  },
  "moving_average_3": {
    "mae": 0.1214209720492363,
    "mse": 0.020988188683986664,
    "rmse": 0.1448730081319809,
    "mape": 70.4581527709961,
    "r2": 0.7061883211135864
  },
  "relative_improvement_rmse_pct": {
    "vs_naive_last": -145.78277458851093,
    "vs_moving_average_3": -42.12245356169648
  },
  "evaluation_context": {
    "split": "test",
    "scale": "train_fit_only_then_transform",
    "horizon": 1,
    "sequence_length": 24
  }
}