{
  "lstm": {
    "mae": 0.10752413421869278,
    "mse": 0.013538327999413013,
    "rmse": 0.1163543239235878,
    "mape": 459.2024230957031,
    "r2": -6.612599849700928
  },
  "naive_last": {
    "mae": 0.031691569834947586,
    "mse": 0.0016073879087343812,
    "rmse": 0.040092241019010544,
    "mape": 97.81544494628906,
    "r2": 0.09616601467132568
  },
  "moving_average_3": {
    "mae": 0.03492278233170509,
    "mse": 0.001973293488845229,
    "rmse": 0.04442176967859268,
    "mape": 117.22513580322266,
    "r2": -0.10958254337310791
  },
  "relative_improvement_rmse_pct": {
    "vs_naive_last": -190.21651557657876,
    "vs_moving_average_3": -161.93082484639885
  },
  "evaluation_context": {
    "split": "test",
    "scale": "train_fit_only_then_transform",
    "horizon": 1,
    "sequence_length": 24
  }
}