{
  "lstm": {
    "mae": 0.07751729339361191,
    "mse": 0.007896018214523792,
    "rmse": 0.08885954320430756,
    "mape": 114.82440185546875,
    "r2": -6.619345188140869
  },
  "naive_last": {
    "mae": 0.029893502593040466,
    "mse": 0.0011406323174014688,
    "rmse": 0.03377324715256691,
    "mape": 35.7906494140625,
    "r2": -0.10066509246826172
  },
  "moving_average_3": {
    "mae": 0.03114362619817257,
    "mse": 0.0014609526842832565,
    "rmse": 0.038222409784793854,
    "mape": 37.616546630859375,
    "r2": -0.40976154804229736
  },
  "relative_improvement_rmse_pct": {
    "vs_naive_last": -163.10625831229265,
    "vs_moving_average_3": -132.48018755646348
  },
  "evaluation_context": {
    "split": "test",
    "scale": "train_fit_only_then_transform",
    "horizon": 1,
    "sequence_length": 24
  }
}