{
  "lstm": {
    "mae": 0.09054603427648544,
    "mse": 0.009762456640601158,
    "rmse": 0.09880514442920685,
    "mape": 141.99534606933594,
    "r2": -7.093660354614258
  },
  "naive_last": {
    "mae": 0.02013353817164898,
    "mse": 0.0006892150267958641,
    "rmse": 0.026252904906868935,
    "mape": 23.560415267944336,
    "r2": 0.4285995364189148
  },
  "moving_average_3": {
    "mae": 0.025428717955946922,
    "mse": 0.0011742172064259648,
    "rmse": 0.03426685184240341,
    "mape": 29.662817001342773,
    "r2": 0.02650374174118042
  },
  "relative_improvement_rmse_pct": {
    "vs_naive_last": -276.3587958888139,
    "vs_moving_average_3": -188.34024803211113
  },
  "evaluation_context": {
    "split": "test",
    "scale": "train_fit_only_then_transform",
    "horizon": 1,
    "sequence_length": 24
  }
}