{
  "lstm": {
    "mae": 0.21643757820129395,
    "mse": 0.06289418786764145,
    "rmse": 0.2507871389389038,
    "mape": 198.1787872314453,
    "r2": 0.11955004930496216
  },
  "naive_last": {
    "mae": 0.06850909441709518,
    "mse": 0.007017742842435837,
    "rmse": 0.0837719663977623,
    "mape": 40.58243179321289,
    "r2": 0.9017592668533325
  },
  "moving_average_3": {
    "mae": 0.1214209720492363,
    "mse": 0.020988188683986664,
    "rmse": 0.1448730081319809,
    "mape": 70.4581527709961,
    "r2": 0.7061883211135864
  },
  "relative_improvement_rmse_pct": {
    "vs_naive_last": -199.3687862252738,
    "vs_moving_average_3": -73.10825174528634
  },
  "evaluation_context": {
    "split": "test",
    "scale": "train_fit_only_then_transform",
    "horizon": 1,
    "sequence_length": 24
  }
}