{
  "lstm": {
    "mae": 0.09879455715417862,
    "mse": 0.01326874177902937,
    "rmse": 0.11519002169370651,
    "mape": 83.18621826171875,
    "r2": 0.8142521381378174
  },
  "naive_last": {
    "mae": 0.06850909441709518,
    "mse": 0.007017742842435837,
    "rmse": 0.0837719663977623,
    "mape": 40.58243179321289,
    "r2": 0.9017592668533325
  },
  "moving_average_3": {
    "mae": 0.1214209720492363,
    "mse": 0.020988188683986664,
    "rmse": 0.1448730081319809,
    "mape": 70.4581527709961,
    "r2": 0.7061883211135864
  },
  "relative_improvement_rmse_pct": {
    "vs_naive_last": -37.504254581229446,
    "vs_moving_average_3": 20.48896807770848
  },
  "evaluation_context": {
    "split": "test",
    "scale": "train_fit_only_then_transform",
    "horizon": 1,
    "sequence_length": 24
  }
}