{
  "lstm": {
    "mae": 0.7498887777328491,
    "mse": 0.7416640520095825,
    "rmse": 0.8611992001533508,
    "mape": 112.82477569580078,
    "r2": -0.029126882553100586
  },
  "naive_last": {
    "mae": 0.12550517916679382,
    "mse": 0.0232885479927063,
    "rmse": 0.15260586142539978,
    "mape": 49.12216567993164,
    "r2": 0.9676849842071533
  },
  "moving_average_24": {
    "window": 24,
    "mae": 0.9910635948181152,
    "mse": 1.2297546863555908,
    "rmse": 1.1089431047439575,
    "mape": 260.1656799316406,
    "r2": -0.7063974142074585
  },
  "relative_improvement_rmse_pct": {
    "vs_naive_last": -464.3290144143252,
    "vs_moving_average_24": 22.34054220606329
  },
  "metrics": {
    "model": {
      "mae": 0.7498887777328491,
      "mse": 0.7416640520095825,
      "rmse": 0.8611992001533508,
      "mape": 112.82477569580078,
      "r2": -0.029126882553100586
    },
    "baseline": {
      "naive": {
        "mae": 0.12550517916679382,
        "mse": 0.0232885479927063,
        "rmse": 0.15260586142539978,
        "mape": 49.12216567993164,
        "r2": 0.9676849842071533
      },
      "ma": {
        "window": 24,
        "mae": 0.9910635948181152,
        "mse": 1.2297546863555908,
        "rmse": 1.1089431047439575,
        "mape": 260.1656799316406,
        "r2": -0.7063974142074585
      }
    },
    "delta_vs_baseline": {
      "naive": {
        "rmse_improvement_pct": -464.3290144143252
      },
      "ma": {
        "rmse_improvement_pct": 22.34054220606329
      }
    }
  },
  "evaluation_context": {
    "split": "test",
    "scale": "train_fit_only_then_transform",
    "horizon": 1,
    "sequence_length": 24
  }
}