{
  "lstm": {
    "mae": 0.7490540742874146,
    "mse": 0.6826798915863037,
    "rmse": 0.8262444734573364,
    "mape": 307.629150390625,
    "r2": -0.028937578201293945
  },
  "naive_last": {
    "mae": 0.12046266347169876,
    "mse": 0.020827941596508026,
    "rmse": 0.14431889355182648,
    "mape": 90.2868423461914,
    "r2": 0.968608021736145
  },
  "moving_average_24": {
    "window": 24,
    "mae": 0.9592140913009644,
    "mse": 1.150956392288208,
    "rmse": 1.0728263854980469,
    "mape": 918.0905151367188,
    "r2": -0.7347257137298584
  },
  "relative_improvement_rmse_pct": {
    "vs_naive_last": -472.51299942188314,
    "vs_moving_average_24": 22.984325616470105
  },
  "metrics": {
    "model": {
      "mae": 0.7490540742874146,
      "mse": 0.6826798915863037,
      "rmse": 0.8262444734573364,
      "mape": 307.629150390625,
      "r2": -0.028937578201293945
    },
    "baseline": {
      "naive": {
        "mae": 0.12046266347169876,
        "mse": 0.020827941596508026,
        "rmse": 0.14431889355182648,
        "mape": 90.2868423461914,
        "r2": 0.968608021736145
      },
      "ma": {
        "window": 24,
        "mae": 0.9592140913009644,
        "mse": 1.150956392288208,
        "rmse": 1.0728263854980469,
        "mape": 918.0905151367188,
        "r2": -0.7347257137298584
      }
    },
    "delta_vs_baseline": {
      "naive": {
        "rmse_improvement_pct": -472.51299942188314
      },
      "ma": {
        "rmse_improvement_pct": 22.984325616470105
      }
    }
  },
  "evaluation_context": {
    "split": "test",
    "scale": "train_fit_only_then_transform",
    "horizon": 1,
    "sequence_length": 24
  }
}