{
  "lstm": {
    "mae": 0.7243961691856384,
    "mse": 0.6253429651260376,
    "rmse": 0.7907862663269043,
    "mape": 127.45597076416016,
    "r2": -0.013657808303833008
  },
  "naive_last": {
    "mae": 0.09541009366512299,
    "mse": 0.013220444321632385,
    "rmse": 0.11498019099235535,
    "mape": 34.75974655151367,
    "r2": 0.9785701632499695
  },
  "moving_average_24": {
    "window": 24,
    "mae": 0.9142481684684753,
    "mse": 1.0586823225021362,
    "rmse": 1.0289229154586792,
    "mape": 273.73260498046875,
    "r2": -0.7160848379135132
  },
  "relative_improvement_rmse_pct": {
    "vs_naive_last": -587.7586484472063,
    "vs_moving_average_24": 23.144265060049758
  },
  "metrics": {
    "model": {
      "mae": 0.7243961691856384,
      "mse": 0.6253429651260376,
      "rmse": 0.7907862663269043,
      "mape": 127.45597076416016,
      "r2": -0.013657808303833008
    },
    "baseline": {
      "naive": {
        "mae": 0.09541009366512299,
        "mse": 0.013220444321632385,
        "rmse": 0.11498019099235535,
        "mape": 34.75974655151367,
        "r2": 0.9785701632499695
      },
      "ma": {
        "window": 24,
        "mae": 0.9142481684684753,
        "mse": 1.0586823225021362,
        "rmse": 1.0289229154586792,
        "mape": 273.73260498046875,
        "r2": -0.7160848379135132
      }
    },
    "delta_vs_baseline": {
      "naive": {
        "rmse_improvement_pct": -587.7586484472063
      },
      "ma": {
        "rmse_improvement_pct": 23.144265060049758
      }
    }
  },
  "evaluation_context": {
    "split": "test",
    "scale": "train_fit_only_then_transform",
    "horizon": 1,
    "sequence_length": 24
  }
}