{
  "lstm": {
    "mae": 0.7273641228675842,
    "mse": 0.6481250524520874,
    "rmse": 0.8050621151924133,
    "mape": 209.57350158691406,
    "r2": 0.05747181177139282
  },
  "naive_last": {
    "mae": 0.12371353060007095,
    "mse": 0.019073214381933212,
    "rmse": 0.13810580968856812,
    "mape": 72.11310577392578,
    "r2": 0.972262978553772
  },
  "moving_average_24": {
    "window": 24,
    "mae": 0.9643388986587524,
    "mse": 1.1632894277572632,
    "rmse": 1.0785589218139648,
    "mape": 603.15673828125,
    "r2": -0.6916999816894531
  },
  "relative_improvement_rmse_pct": {
    "vs_naive_last": -482.9313543830719,
    "vs_moving_average_24": 25.357613622611545
  },
  "metrics": {
    "model": {
      "mae": 0.7273641228675842,
      "mse": 0.6481250524520874,
      "rmse": 0.8050621151924133,
      "mape": 209.57350158691406,
      "r2": 0.05747181177139282
    },
    "baseline": {
      "naive": {
        "mae": 0.12371353060007095,
        "mse": 0.019073214381933212,
        "rmse": 0.13810580968856812,
        "mape": 72.11310577392578,
        "r2": 0.972262978553772
      },
      "ma": {
        "window": 24,
        "mae": 0.9643388986587524,
        "mse": 1.1632894277572632,
        "rmse": 1.0785589218139648,
        "mape": 603.15673828125,
        "r2": -0.6916999816894531
      }
    },
    "delta_vs_baseline": {
      "naive": {
        "rmse_improvement_pct": -482.9313543830719
      },
      "ma": {
        "rmse_improvement_pct": 25.357613622611545
      }
    }
  },
  "evaluation_context": {
    "split": "test",
    "scale": "train_fit_only_then_transform",
    "horizon": 1,
    "sequence_length": 24
  }
}