{
  "lstm": {
    "mae": 0.744013249874115,
    "mse": 0.70241779088974,
    "rmse": 0.838103711605072,
    "mape": 91.45635986328125,
    "r2": -0.02454078197479248
  },
  "naive_last": {
    "mae": 0.10935525596141815,
    "mse": 0.019146636128425598,
    "rmse": 0.13837136328220367,
    "mape": 27.67733383178711,
    "r2": 0.9720728993415833
  },
  "moving_average_3": {
    "mae": 0.1917380690574646,
    "mse": 0.05277739092707634,
    "rmse": 0.22973330318927765,
    "mape": 47.13888931274414,
    "r2": 0.9230193495750427
  },
  "relative_improvement_rmse_pct": {
    "vs_naive_last": -505.6915543475804,
    "vs_moving_average_3": -264.8159293791915
  },
  "evaluation_context": {
    "split": "test",
    "scale": "train_fit_only_then_transform",
    "horizon": 1,
    "sequence_length": 24
  }
}