{
  "lstm": {
    "mae": 0.7576873302459717,
    "mse": 0.7181815505027771,
    "rmse": 0.8474559187889099,
    "mape": 89.23768615722656,
    "r2": 0.01817452907562256
  },
  "naive_last": {
    "mae": 0.11197912693023682,
    "mse": 0.021316438913345337,
    "rmse": 0.14600150287151337,
    "mape": 25.23961067199707,
    "r2": 0.9708583354949951
  },
  "moving_average_24": {
    "window": 24,
    "mae": 0.9592928290367126,
    "mse": 1.1800483465194702,
    "rmse": 1.086300253868103,
    "mape": 175.13121032714844,
    "r2": -0.6132432222366333
  },
  "relative_improvement_rmse_pct": {
    "vs_naive_last": -480.4432516632221,
    "vs_moving_average_24": 21.98695360974277
  },
  "metrics": {
    "model": {
      "mae": 0.7576873302459717,
      "mse": 0.7181815505027771,
      "rmse": 0.8474559187889099,
      "mape": 89.23768615722656,
      "r2": 0.01817452907562256
    },
    "baseline": {
      "naive": {
        "mae": 0.11197912693023682,
        "mse": 0.021316438913345337,
        "rmse": 0.14600150287151337,
        "mape": 25.23961067199707,
        "r2": 0.9708583354949951
      },
      "ma": {
        "window": 24,
        "mae": 0.9592928290367126,
        "mse": 1.1800483465194702,
        "rmse": 1.086300253868103,
        "mape": 175.13121032714844,
        "r2": -0.6132432222366333
      }
    },
    "delta_vs_baseline": {
      "naive": {
        "rmse_improvement_pct": -480.4432516632221
      },
      "ma": {
        "rmse_improvement_pct": 21.98695360974277
      }
    }
  },
  "evaluation_context": {
    "split": "test",
    "scale": "train_fit_only_then_transform",
    "horizon": 1,
    "sequence_length": 24
  }
}