{
  "lstm": {
    "mae": 0.7470924854278564,
    "mse": 0.6565112471580505,
    "rmse": 0.8102537989616394,
    "mape": 101.56614685058594,
    "r2": 0.08058285713195801
  },
  "naive_last": {
    "mae": 0.10228782892227173,
    "mse": 0.015051660127937794,
    "rmse": 0.12268520891666412,
    "mape": 28.086423873901367,
    "r2": 0.9789207577705383
  },
  "moving_average_3": {
    "mae": 0.185739666223526,
    "mse": 0.048294588923454285,
    "rmse": 0.21976029872894287,
    "mape": 53.519405364990234,
    "r2": 0.9323654174804688
  },
  "relative_improvement_rmse_pct": {
    "vs_naive_last": -560.4331117606084,
    "vs_moving_average_3": -268.69888545753
  },
  "evaluation_context": {
    "split": "test",
    "scale": "train_fit_only_then_transform",
    "horizon": 1,
    "sequence_length": 24
  }
}