{
  "lstm": {
    "mae": 0.09657788276672363,
    "mse": 0.011484871618449688,
    "rmse": 0.10716748982667923,
    "mape": 351.12506103515625,
    "r2": -11.031488418579102
  },
  "naive_last": {
    "mae": 0.02965937741100788,
    "mse": 0.0012264325050637126,
    "rmse": 0.035020459443330765,
    "mape": 79.0791244506836,
    "r2": -0.28480398654937744
  },
  "moving_average_3": {
    "mae": 0.03010781668126583,
    "mse": 0.0012025312753394246,
    "rmse": 0.03467753157019615,
    "mape": 81.37210083007812,
    "r2": -0.2597651481628418
  },
  "relative_improvement_rmse_pct": {
    "vs_naive_last": -206.01388710706738,
    "vs_moving_average_3": -209.04007312555586
  },
  "evaluation_context": {
    "split": "test",
    "scale": "train_fit_only_then_transform",
    "horizon": 1,
    "sequence_length": 24
  }
}