{
  "lstm": {
    "mae": 0.10387438535690308,
    "mse": 0.013331948779523373,
    "rmse": 0.11546406149864197,
    "mape": 749.8197021484375,
    "r2": -5.590063095092773
  },
  "naive_last": {
    "mae": 0.030745794996619225,
    "mse": 0.0012125392677262425,
    "rmse": 0.034821536391973495,
    "mape": 235.2068634033203,
    "r2": 0.4006344676017761
  },
  "moving_average_3": {
    "mae": 0.03526048734784126,
    "mse": 0.0018858184339478612,
    "rmse": 0.04342601075768471,
    "mape": 237.85350036621094,
    "r2": 0.06782841682434082
  },
  "relative_improvement_rmse_pct": {
    "vs_naive_last": -231.5880064569932,
    "vs_moving_average_3": -165.88683347923222
  },
  "evaluation_context": {
    "split": "test",
    "scale": "train_fit_only_then_transform",
    "horizon": 1,
    "sequence_length": 24
  }
}