{
  "lstm": {
    "mae": 0.11680243164300919,
    "mse": 0.01763240620493889,
    "rmse": 0.1327870637178421,
    "mape": 2146.7958984375,
    "r2": -8.863536834716797
  },
  "naive_last": {
    "mae": 0.022090071812272072,
    "mse": 0.0008784094825387001,
    "rmse": 0.029637973755598068,
    "mape": 154.0748748779297,
    "r2": 0.5086193084716797
  },
  "moving_average_3": {
    "mae": 0.029437342658638954,
    "mse": 0.0016317908884957433,
    "rmse": 0.040395431220531464,
    "mape": 174.03196716308594,
    "r2": 0.08717906475067139
  },
  "relative_improvement_rmse_pct": {
    "vs_naive_last": -348.0300509401591,
    "vs_moving_average_3": -228.71796842845592
  },
  "evaluation_context": {
    "split": "test",
    "scale": "train_fit_only_then_transform",
    "horizon": 1,
    "sequence_length": 24
  }
}