{
  "lstm": {
    "mae": 0.7613034844398499,
    "mse": 0.7013009190559387,
    "rmse": 0.837437093257904,
    "mape": 108.9767074584961,
    "r2": -0.019826769828796387
  },
  "naive_last": {
    "mae": 0.13216477632522583,
    "mse": 0.023107126355171204,
    "rmse": 0.15201027691364288,
    "mape": 30.873918533325195,
    "r2": 0.966397762298584
  },
  "moving_average_24": {
    "window": 24,
    "mae": 0.9419702887535095,
    "mse": 1.1455696821212769,
    "rmse": 1.0703128576278687,
    "mape": 209.93829345703125,
    "r2": -0.6658792495727539
  },
  "relative_improvement_rmse_pct": {
    "vs_naive_last": -450.908178821906,
    "vs_moving_average_24": 21.757728175882487
  },
  "metrics": {
    "model": {
      "mae": 0.7613034844398499,
      "mse": 0.7013009190559387,
      "rmse": 0.837437093257904,
      "mape": 108.9767074584961,
      "r2": -0.019826769828796387
    },
    "baseline": {
      "naive": {
        "mae": 0.13216477632522583,
        "mse": 0.023107126355171204,
        "rmse": 0.15201027691364288,
        "mape": 30.873918533325195,
        "r2": 0.966397762298584
      },
      "ma": {
        "window": 24,
        "mae": 0.9419702887535095,
        "mse": 1.1455696821212769,
        "rmse": 1.0703128576278687,
        "mape": 209.93829345703125,
        "r2": -0.6658792495727539
      }
    },
    "delta_vs_baseline": {
      "naive": {
        "rmse_improvement_pct": -450.908178821906
      },
      "ma": {
        "rmse_improvement_pct": 21.757728175882487
      }
    }
  },
  "evaluation_context": {
    "split": "test",
    "scale": "train_fit_only_then_transform",
    "horizon": 1,
    "sequence_length": 24
  }
}