{
  "lstm": {
    "mae": 1.0931718349456787,
    "mse": 1.7316844463348389,
    "rmse": 1.3159347772598267,
    "mape": 156.4695281982422,
    "r2": -2.004307270050049
  },
  "naive_last": {
    "mae": 0.17450504004955292,
    "mse": 0.039851121604442596,
    "rmse": 0.19962745904922485,
    "mape": 78.32318115234375,
    "r2": 0.9308621287345886
  },
  "moving_average_3": {
    "mae": 0.34012994170188904,
    "mse": 0.1358969509601593,
    "rmse": 0.36864203214645386,
    "mape": 224.0588836669922,
    "r2": 0.76423180103302
  },
  "relative_improvement_rmse_pct": {
    "vs_naive_last": -559.1952467900792,
    "vs_moving_average_3": -256.9681796459431
  },
  "evaluation_context": {
    "split": "test",
    "scale": "train_fit_only_then_transform",
    "horizon": 1,
    "sequence_length": 24
  }
}