{
  "lstm": {
    "mae": 1.1836705207824707,
    "mse": 1.831068754196167,
    "rmse": 1.3531699180603027,
    "mape": 116.97235107421875,
    "r2": -0.43867552280426025
  },
  "naive_last": {
    "mae": 0.24712686240673065,
    "mse": 0.08146363496780396,
    "rmse": 0.2854183614253998,
    "mape": 87.78473663330078,
    "r2": 0.9359937906265259
  },
  "moving_average_3": {
    "mae": 0.4842888414859772,
    "mse": 0.2778025269508362,
    "rmse": 0.5270697474479675,
    "mape": 152.42825317382812,
    "r2": 0.7817298173904419
  },
  "relative_improvement_rmse_pct": {
    "vs_naive_last": -374.1005007149593,
    "vs_moving_average_3": -156.73450410288206
  },
  "evaluation_context": {
    "split": "test",
    "scale": "train_fit_only_then_transform",
    "horizon": 1,
    "sequence_length": 24
  }
}