{
  "lstm": {
    "mae": 1.0989325046539307,
    "mse": 1.6128352880477905,
    "rmse": 1.2699744701385498,
    "mape": 111.10343933105469,
    "r2": -0.23640155792236328
  },
  "naive_last": {
    "mae": 0.7598861455917358,
    "mse": 1.239246129989624,
    "rmse": 1.113214373588562,
    "mape": 224.9176788330078,
    "r2": 0.04999244213104248
  },
  "moving_average_3": {
    "mae": 0.9863107800483704,
    "mse": 1.7466199398040771,
    "rmse": 1.3215974569320679,
    "mape": 228.2611541748047,
    "r2": -0.33896100521087646
  },
  "relative_improvement_rmse_pct": {
    "vs_naive_last": -14.081752702894063,
    "vs_moving_average_3": 3.9061051557063533
  },
  "evaluation_context": {
    "split": "test",
    "scale": "train_fit_only_then_transform",
    "horizon": 1,
    "sequence_length": 24
  }
}