{
  "run_id": "alias-quick-001",
  "backend": "tensorflow",
  "config": {
    "sequence_length": 24,
    "horizon": 1,
    "hidden_units": [
      64,
      32
    ],
    "dropout": 0.2,
    "learning_rate": 0.001,
    "epochs": 1,
    "batch_size": 32,
    "test_size": 0.2,
    "val_size": 0.2,
    "normalize": true,
    "normalize_method": "minmax",
    "seed": 42,
    "deterministic": true,
    "ma_window": null,
    "processed_npz": "artifacts/processed/alias-quick-001/processed.npz",
    "preprocessor_pkl": "artifacts/models/alias-quick-001/preprocessor.pkl",
    "input_npy": null,
    "synthetic_samples": 800,
    "synthetic_noise": 0.08,
    "model_type": "lstm",
    "feature_mode": "univariate",
    "target_cols": [
      "target"
    ],
    "dynamic_covariates": [],
    "static_covariates": [],
    "covariate_spec": {},
    "covariate_contract": {
      "enabled": false,
      "schema_version": null,
      "dynamic_covariates": [],
      "static_covariates": [],
      "required_missing": [],
      "declared_missing_in_columns": [],
      "spec": {}
    },
    "export_formats": [
      "none"
    ]
  },
  "metrics": {
    "mae": 0.705438494682312,
    "mse": 0.6048372983932495,
    "rmse": 0.777712881565094,
    "mape": 148.78973388671875,
    "mase": 6.94903039932251,
    "r2": 0.007690370082855225
  },
  "baselines": {
    "lstm": {
      "mae": 0.705438494682312,
      "mse": 0.6048372983932495,
      "rmse": 0.777712881565094,
      "mape": 148.78973388671875,
      "r2": 0.007690370082855225
    },
    "naive_last": {
      "mae": 0.1001562774181366,
      "mse": 0.016767581924796104,
      "rmse": 0.1294897049665451,
      "mape": 39.0211181640625,
      "r2": 0.9724907279014587
    },
    "moving_average_24": {
      "window": 24,
      "mae": 0.9135264158248901,
      "mse": 1.0396950244903564,
      "rmse": 1.019654393196106,
      "mape": 365.581787109375,
      "r2": -0.7057468891143799
    },
    "relative_improvement_rmse_pct": {
      "vs_naive_last": -500.59819559107336,
      "vs_moving_average_24": 23.727795503324113
    },
    "metrics": {
      "model": {
        "mae": 0.705438494682312,
        "mse": 0.6048372983932495,
        "rmse": 0.777712881565094,
        "mape": 148.78973388671875,
        "r2": 0.007690370082855225
      },
      "baseline": {
        "naive": {
          "mae": 0.1001562774181366,
          "mse": 0.016767581924796104,
          "rmse": 0.1294897049665451,
          "mape": 39.0211181640625,
          "r2": 0.9724907279014587
        },
        "ma": {
          "window": 24,
          "mae": 0.9135264158248901,
          "mse": 1.0396950244903564,
          "rmse": 1.019654393196106,
          "mape": 365.581787109375,
          "r2": -0.7057468891143799
        }
      },
      "delta_vs_baseline": {
        "naive": {
          "rmse_improvement_pct": -500.59819559107336
        },
        "ma": {
          "rmse_improvement_pct": 23.727795503324113
        }
      }
    },
    "evaluation_context": {
      "split": "test",
      "scale": "train_fit_only_then_transform",
      "horizon": 1,
      "sequence_length": 24
    }
  },
  "checkpoints": {
    "best": "artifacts/checkpoints/alias-quick-001/best.keras",
    "last": "artifacts/checkpoints/alias-quick-001/last.keras"
  },
  "preprocessor": "artifacts/models/alias-quick-001/preprocessor.pkl",
  "split_indices": {
    "n_total": 156,
    "train": {
      "start": 0,
      "end": 99
    },
    "val": {
      "start": 99,
      "end": 124
    },
    "test": {
      "start": 124,
      "end": 156
    },
    "ratios": {
      "test_size": 0.2,
      "val_size": 0.2
    },
    "source": "processed_xy"
  },
  "inference": {
    "x_shape": [
      1,
      24,
      1
    ],
    "y_true_last": [
      -1.0907435417175293
    ],
    "y_pred_last": [
      -0.4497118592262268
    ],
    "predictions_csv": "artifacts/predictions/alias-quick-001.csv"
  },
  "timestamps": {
    "start": "2026-02-20T03:20:45.206382",
    "end": "2026-02-20T03:20:46.020794",
    "saved_at": "2026-02-20T03:20:46.051302"
  },
  "commit_hash": null,
  "commit_hash_source": "unavailable",
  "metadata_path": "artifacts/metadata/alias-quick-001.json",
  "runmeta_path": "artifacts/runs/alias-quick-001.meta.json",
  "covariate_schema": {
    "enabled": false,
    "schema_version": null,
    "dynamic_covariates": [],
    "static_covariates": [],
    "required_missing": [],
    "declared_missing_in_columns": [],
    "spec": {}
  }
}