{
  "run_id": "alias-pr-20260220-032059-smoke",
  "backend": "tensorflow",
  "config": {
    "sequence_length": 24,
    "horizon": 1,
    "hidden_units": [
      64,
      32
    ],
    "dropout": 0.2,
    "learning_rate": 0.001,
    "epochs": 1,
    "batch_size": 32,
    "test_size": 0.2,
    "val_size": 0.2,
    "normalize": true,
    "normalize_method": "minmax",
    "seed": 42,
    "deterministic": true,
    "ma_window": null,
    "processed_npz": "artifacts/processed/alias-pr-20260220-032059-smoke/processed.npz",
    "preprocessor_pkl": "artifacts/models/alias-pr-20260220-032059-smoke/preprocessor.pkl",
    "input_npy": null,
    "synthetic_samples": 800,
    "synthetic_noise": 0.08,
    "model_type": "lstm",
    "feature_mode": "univariate",
    "target_cols": [
      "target"
    ],
    "dynamic_covariates": [],
    "static_covariates": [],
    "covariate_spec": {},
    "covariate_contract": {
      "enabled": false,
      "schema_version": null,
      "dynamic_covariates": [],
      "static_covariates": [],
      "required_missing": [],
      "declared_missing_in_columns": [],
      "spec": {}
    },
    "export_formats": [
      "none"
    ]
  },
  "metrics": {
    "mae": 0.800819456577301,
    "mse": 0.7971700429916382,
    "rmse": 0.8928437829017639,
    "mape": 89.91725158691406,
    "mase": 7.1907453536987305,
    "r2": -0.007605075836181641
  },
  "baselines": {
    "lstm": {
      "mae": 0.800819456577301,
      "mse": 0.7971700429916382,
      "rmse": 0.8928437829017639,
      "mape": 89.91725158691406,
      "r2": -0.007605075836181641
    },
    "naive_last": {
      "mae": 0.11317404359579086,
      "mse": 0.019923679530620575,
      "rmse": 0.14115126430988312,
      "mape": 21.8078556060791,
      "r2": 0.9748169183731079
    },
    "moving_average_24": {
      "window": 24,
      "mae": 0.985322892665863,
      "mse": 1.2596020698547363,
      "rmse": 1.1223199367523193,
      "mape": 156.5360565185547,
      "r2": -0.5921088457107544
    },
    "relative_improvement_rmse_pct": {
      "vs_naive_last": -532.5439123855284,
      "vs_moving_average_24": 20.44658963022045
    },
    "metrics": {
      "model": {
        "mae": 0.800819456577301,
        "mse": 0.7971700429916382,
        "rmse": 0.8928437829017639,
        "mape": 89.91725158691406,
        "r2": -0.007605075836181641
      },
      "baseline": {
        "naive": {
          "mae": 0.11317404359579086,
          "mse": 0.019923679530620575,
          "rmse": 0.14115126430988312,
          "mape": 21.8078556060791,
          "r2": 0.9748169183731079
        },
        "ma": {
          "window": 24,
          "mae": 0.985322892665863,
          "mse": 1.2596020698547363,
          "rmse": 1.1223199367523193,
          "mape": 156.5360565185547,
          "r2": -0.5921088457107544
        }
      },
      "delta_vs_baseline": {
        "naive": {
          "rmse_improvement_pct": -532.5439123855284
        },
        "ma": {
          "rmse_improvement_pct": 20.44658963022045
        }
      }
    },
    "evaluation_context": {
      "split": "test",
      "scale": "train_fit_only_then_transform",
      "horizon": 1,
      "sequence_length": 24
    }
  },
  "checkpoints": {
    "best": "artifacts/checkpoints/alias-pr-20260220-032059-smoke/best.keras",
    "last": "artifacts/checkpoints/alias-pr-20260220-032059-smoke/last.keras"
  },
  "preprocessor": "artifacts/models/alias-pr-20260220-032059-smoke/preprocessor.pkl",
  "split_indices": {
    "n_total": 156,
    "train": {
      "start": 0,
      "end": 99
    },
    "val": {
      "start": 99,
      "end": 124
    },
    "test": {
      "start": 124,
      "end": 156
    },
    "ratios": {
      "test_size": 0.2,
      "val_size": 0.2
    },
    "source": "processed_xy"
  },
  "inference": {
    "x_shape": [
      1,
      24,
      1
    ],
    "y_true_last": [
      -1.0946590900421143
    ],
    "y_pred_last": [
      -0.49371203780174255
    ],
    "predictions_csv": "artifacts/predictions/alias-pr-20260220-032059-smoke.csv"
  },
  "timestamps": {
    "start": "2026-02-20T03:21:30.351614",
    "end": "2026-02-20T03:21:31.163790",
    "saved_at": "2026-02-20T03:21:31.195086"
  },
  "commit_hash": null,
  "commit_hash_source": "unavailable",
  "metadata_path": "artifacts/metadata/alias-pr-20260220-032059-smoke.json",
  "runmeta_path": "artifacts/runs/alias-pr-20260220-032059-smoke.meta.json",
  "covariate_schema": {
    "enabled": false,
    "schema_version": null,
    "dynamic_covariates": [],
    "static_covariates": [],
    "required_missing": [],
    "declared_missing_in_columns": [],
    "spec": {}
  }
}