{
  "run_id": "day5-final-smoke-20260220-030319",
  "backend": "tensorflow",
  "config": {
    "sequence_length": 24,
    "horizon": 1,
    "hidden_units": [
      64,
      32
    ],
    "dropout": 0.2,
    "learning_rate": 0.001,
    "epochs": 1,
    "batch_size": 32,
    "test_size": 0.2,
    "val_size": 0.2,
    "normalize": true,
    "normalize_method": "minmax",
    "seed": 42,
    "deterministic": true,
    "ma_window": null,
    "processed_npz": "artifacts/processed/day5-final-smoke-20260220-030319/processed.npz",
    "preprocessor_pkl": "artifacts/models/day5-final-smoke-20260220-030319/preprocessor.pkl",
    "input_npy": null,
    "synthetic_samples": 800,
    "synthetic_noise": 0.08,
    "model_type": "lstm",
    "feature_mode": "univariate",
    "target_cols": [
      "target"
    ],
    "dynamic_covariates": [],
    "static_covariates": [],
    "covariate_spec": {},
    "export_formats": [
      "none"
    ]
  },
  "metrics": {
    "mae": 0.7668280005455017,
    "mse": 0.7102488279342651,
    "rmse": 0.8427625894546509,
    "mape": 317.8039855957031,
    "mase": 6.696930408477783,
    "r2": -0.0009418725967407227
  },
  "baselines": {
    "lstm": {
      "mae": 0.7668280005455017,
      "mse": 0.7102488279342651,
      "rmse": 0.8427625894546509,
      "mape": 317.8039855957031,
      "r2": -0.0009418725967407227
    },
    "naive_last": {
      "mae": 0.11587738990783691,
      "mse": 0.021644238382577896,
      "rmse": 0.14711980521678925,
      "mape": 48.37420654296875,
      "r2": 0.9694971442222595
    },
    "moving_average_24": {
      "window": 24,
      "mae": 0.9589090943336487,
      "mse": 1.1767635345458984,
      "rmse": 1.084787368774414,
      "mape": 933.9463500976562,
      "r2": -0.658393383026123
    },
    "relative_improvement_rmse_pct": {
      "vs_naive_last": -472.84098556866263,
      "vs_moving_average_24": 22.310803393859658
    },
    "metrics": {
      "model": {
        "mae": 0.7668280005455017,
        "mse": 0.7102488279342651,
        "rmse": 0.8427625894546509,
        "mape": 317.8039855957031,
        "r2": -0.0009418725967407227
      },
      "baseline": {
        "naive": {
          "mae": 0.11587738990783691,
          "mse": 0.021644238382577896,
          "rmse": 0.14711980521678925,
          "mape": 48.37420654296875,
          "r2": 0.9694971442222595
        },
        "ma": {
          "window": 24,
          "mae": 0.9589090943336487,
          "mse": 1.1767635345458984,
          "rmse": 1.084787368774414,
          "mape": 933.9463500976562,
          "r2": -0.658393383026123
        }
      },
      "delta_vs_baseline": {
        "naive": {
          "rmse_improvement_pct": -472.84098556866263
        },
        "ma": {
          "rmse_improvement_pct": 22.310803393859658
        }
      }
    },
    "evaluation_context": {
      "split": "test",
      "scale": "train_fit_only_then_transform",
      "horizon": 1,
      "sequence_length": 24
    }
  },
  "checkpoints": {
    "best": "artifacts/checkpoints/day5-final-smoke-20260220-030319/best.keras",
    "last": "artifacts/checkpoints/day5-final-smoke-20260220-030319/last.keras"
  },
  "preprocessor": "artifacts/models/day5-final-smoke-20260220-030319/preprocessor.pkl",
  "split_indices": {
    "n_total": 156,
    "train": {
      "start": 0,
      "end": 99
    },
    "val": {
      "start": 99,
      "end": 124
    },
    "test": {
      "start": 124,
      "end": 156
    },
    "ratios": {
      "test_size": 0.2,
      "val_size": 0.2
    },
    "source": "processed_xy"
  },
  "inference": {
    "x_shape": [
      1,
      24,
      1
    ],
    "y_true_last": [
      -0.879063606262207
    ],
    "y_pred_last": [
      -0.4725407660007477
    ],
    "predictions_csv": "artifacts/predictions/day5-final-smoke-20260220-030319.csv"
  },
  "timestamps": {
    "start": "2026-02-20T03:03:24.476474",
    "end": "2026-02-20T03:03:25.275130",
    "saved_at": "2026-02-20T03:03:25.305126"
  },
  "commit_hash": null,
  "commit_hash_source": "unavailable",
  "metadata_path": "artifacts/metadata/day5-final-smoke-20260220-030319.json",
  "runmeta_path": "artifacts/runs/day5-final-smoke-20260220-030319.meta.json"
}