{
  "run_id": "e2e-20260218-211308",
  "backend": "tensorflow",
  "config": {
    "sequence_length": 24,
    "horizon": 1,
    "hidden_units": [
      64,
      32
    ],
    "dropout": 0.2,
    "learning_rate": 0.001,
    "epochs": 1,
    "batch_size": 32,
    "test_size": 0.2,
    "val_size": 0.2,
    "normalize": true,
    "normalize_method": "minmax",
    "seed": 42,
    "processed_npz": "artifacts/processed/e2e-20260218-211308/processed.npz",
    "preprocessor_pkl": "artifacts/models/e2e-20260218-211308/preprocessor.pkl",
    "input_npy": null,
    "synthetic_samples": 800,
    "synthetic_noise": 0.08,
    "model_type": "lstm",
    "feature_mode": "univariate",
    "target_cols": [
      "target"
    ],
    "dynamic_covariates": [],
    "static_covariates": [],
    "covariate_spec": {},
    "export_formats": [
      "none"
    ]
  },
  "metrics": {
    "mae": 0.740455150604248,
    "mse": 0.6779003143310547,
    "rmse": 0.8233470320701599,
    "mape": 101.71353912353516,
    "r2": -0.04720592498779297
  },
  "baselines": {
    "lstm": {
      "mae": 0.740455150604248,
      "mse": 0.6779003143310547,
      "rmse": 0.8233470320701599,
      "mape": 101.71353912353516,
      "r2": -0.04720592498779297
    },
    "naive_last": {
      "mae": 0.11583647131919861,
      "mse": 0.017889216542243958,
      "rmse": 0.1337505728006363,
      "mape": 28.808874130249023,
      "r2": 0.972365140914917
    },
    "moving_average_3": {
      "mae": 0.1966358721256256,
      "mse": 0.04954720288515091,
      "rmse": 0.22259201109409332,
      "mape": 51.821685791015625,
      "r2": 0.9234605431556702
    },
    "relative_improvement_rmse_pct": {
      "vs_naive_last": -515.5838911725797,
      "vs_moving_average_3": -269.8906358023128
    },
    "evaluation_context": {
      "split": "test",
      "scale": "train_fit_only_then_transform",
      "horizon": 1,
      "sequence_length": 24
    }
  },
  "checkpoints": {
    "best": "artifacts/checkpoints/e2e-20260218-211308/best.keras",
    "last": "artifacts/checkpoints/e2e-20260218-211308/last.keras"
  },
  "preprocessor": "artifacts/models/e2e-20260218-211308/preprocessor.pkl",
  "split_indices": {
    "n_total": 156,
    "train": {
      "start": 0,
      "end": 99
    },
    "val": {
      "start": 99,
      "end": 124
    },
    "test": {
      "start": 124,
      "end": 156
    },
    "ratios": {
      "test_size": 0.2,
      "val_size": 0.2
    },
    "source": "processed_xy"
  },
  "inference": {
    "x_shape": [
      1,
      24,
      1
    ],
    "y_true_last": [
      -1.355746865272522
    ],
    "y_pred_last": [
      -0.4750392436981201
    ]
  },
  "timestamps": {
    "start": "2026-02-18T21:13:14.077453",
    "end": "2026-02-18T21:13:14.077458",
    "saved_at": "2026-02-18T21:13:14.099550"
  },
  "commit_hash": null,
  "commit_hash_source": "unavailable",
  "metadata_path": "artifacts/metadata/e2e-20260218-211308.json"
}