{
  "run_id": "gui-qa-smoke-20260220-033704",
  "backend": "tensorflow",
  "config": {
    "sequence_length": 24,
    "horizon": 1,
    "hidden_units": [
      64,
      32
    ],
    "dropout": 0.2,
    "learning_rate": 0.001,
    "epochs": 1,
    "batch_size": 32,
    "test_size": 0.2,
    "val_size": 0.2,
    "normalize": true,
    "normalize_method": "minmax",
    "seed": 42,
    "deterministic": true,
    "ma_window": null,
    "processed_npz": "artifacts/processed/gui-qa-smoke-20260220-033704/processed.npz",
    "preprocessor_pkl": "artifacts/models/gui-qa-smoke-20260220-033704/preprocessor.pkl",
    "input_npy": null,
    "synthetic_samples": 800,
    "synthetic_noise": 0.08,
    "model_type": "lstm",
    "feature_mode": "univariate",
    "target_cols": [
      "target"
    ],
    "dynamic_covariates": [],
    "static_covariates": [],
    "covariate_spec": {},
    "covariate_contract": {
      "enabled": false,
      "schema_version": null,
      "dynamic_covariates": [],
      "static_covariates": [],
      "required_missing": [],
      "declared_missing_in_columns": [],
      "spec": {}
    },
    "export_formats": [
      "none"
    ]
  },
  "metrics": {
    "mae": 0.7432864904403687,
    "mse": 0.6694252490997314,
    "rmse": 0.8181841373443604,
    "mape": 351.7912902832031,
    "mase": 6.842574119567871,
    "r2": -0.033310532569885254
  },
  "baselines": {
    "lstm": {
      "mae": 0.7432864904403687,
      "mse": 0.6694252490997314,
      "rmse": 0.8181841373443604,
      "mape": 351.7912902832031,
      "r2": -0.033310532569885254
    },
    "naive_last": {
      "mae": 0.11132104694843292,
      "mse": 0.016839642077684402,
      "rmse": 0.12976764142513275,
      "mape": 136.0080108642578,
      "r2": 0.974006712436676
    },
    "moving_average_24": {
      "window": 24,
      "mae": 0.9607657194137573,
      "mse": 1.1377239227294922,
      "rmse": 1.0666414499282837,
      "mape": 1015.508056640625,
      "r2": -0.7561664581298828
    },
    "relative_improvement_rmse_pct": {
      "vs_naive_last": -530.4993103896913,
      "vs_moving_average_24": 23.293423509023224
    },
    "metrics": {
      "model": {
        "mae": 0.7432864904403687,
        "mse": 0.6694252490997314,
        "rmse": 0.8181841373443604,
        "mape": 351.7912902832031,
        "r2": -0.033310532569885254
      },
      "baseline": {
        "naive": {
          "mae": 0.11132104694843292,
          "mse": 0.016839642077684402,
          "rmse": 0.12976764142513275,
          "mape": 136.0080108642578,
          "r2": 0.974006712436676
        },
        "ma": {
          "window": 24,
          "mae": 0.9607657194137573,
          "mse": 1.1377239227294922,
          "rmse": 1.0666414499282837,
          "mape": 1015.508056640625,
          "r2": -0.7561664581298828
        }
      },
      "delta_vs_baseline": {
        "naive": {
          "rmse_improvement_pct": -530.4993103896913
        },
        "ma": {
          "rmse_improvement_pct": 23.293423509023224
        }
      }
    },
    "evaluation_context": {
      "split": "test",
      "scale": "train_fit_only_then_transform",
      "horizon": 1,
      "sequence_length": 24
    }
  },
  "checkpoints": {
    "best": "artifacts/checkpoints/gui-qa-smoke-20260220-033704/best.keras",
    "last": "artifacts/checkpoints/gui-qa-smoke-20260220-033704/last.keras"
  },
  "preprocessor": "artifacts/models/gui-qa-smoke-20260220-033704/preprocessor.pkl",
  "split_indices": {
    "n_total": 156,
    "train": {
      "start": 0,
      "end": 99
    },
    "val": {
      "start": 99,
      "end": 124
    },
    "test": {
      "start": 124,
      "end": 156
    },
    "ratios": {
      "test_size": 0.2,
      "val_size": 0.2
    },
    "source": "processed_xy"
  },
  "inference": {
    "x_shape": [
      1,
      24,
      1
    ],
    "y_true_last": [
      -0.9963945150375366
    ],
    "y_pred_last": [
      -0.479714035987854
    ],
    "predictions_csv": "artifacts/predictions/gui-qa-smoke-20260220-033704.csv"
  },
  "timestamps": {
    "start": "2026-02-20T03:37:08.456516",
    "end": "2026-02-20T03:37:09.255757",
    "saved_at": "2026-02-20T03:37:09.287398"
  },
  "commit_hash": null,
  "commit_hash_source": "unavailable",
  "metadata_path": "artifacts/metadata/gui-qa-smoke-20260220-033704.json",
  "runmeta_path": "artifacts/runs/gui-qa-smoke-20260220-033704.meta.json",
  "covariate_schema": {
    "enabled": false,
    "schema_version": null,
    "dynamic_covariates": [],
    "static_covariates": [],
    "required_missing": [],
    "declared_missing_in_columns": [],
    "spec": {}
  }
}