{
  "run_id": "local-e2e-smoke-20260218-191847",
  "backend": "tensorflow",
  "config": {
    "sequence_length": 24,
    "horizon": 1,
    "hidden_units": [
      64,
      32
    ],
    "dropout": 0.2,
    "learning_rate": 0.001,
    "epochs": 1,
    "batch_size": 32,
    "test_size": 0.2,
    "val_size": 0.2,
    "normalize": true,
    "normalize_method": "minmax",
    "seed": 42,
    "processed_npz": "artifacts/processed/local-e2e-smoke-20260218-191847/processed.npz",
    "preprocessor_pkl": "artifacts/models/local-e2e-smoke-20260218-191847/preprocessor.pkl",
    "input_npy": null,
    "synthetic_samples": 800,
    "synthetic_noise": 0.08
  },
  "metrics": {
    "mae": 0.0945785716176033,
    "mse": 0.010584384202957153,
    "rmse": 0.10288043320178986,
    "mape": 427.9102783203125,
    "r2": -7.7752275466918945
  },
  "baselines": {
    "lstm": {
      "mae": 0.0945785716176033,
      "mse": 0.010584384202957153,
      "rmse": 0.10288043320178986,
      "mape": 427.9102783203125,
      "r2": -7.7752275466918945
    },
    "naive_last": {
      "mae": 0.025086885318160057,
      "mse": 0.0010332574602216482,
      "rmse": 0.032144322991371155,
      "mape": 69.36268615722656,
      "r2": 0.1433541178703308
    },
    "moving_average_3": {
      "mae": 0.031165538355708122,
      "mse": 0.0012799581745639443,
      "rmse": 0.03577650338411331,
      "mape": 124.90322875976562,
      "r2": -0.06117880344390869
    },
    "relative_improvement_rmse_pct": {
      "vs_naive_last": -220.05779441560395,
      "vs_moving_average_3": -187.5641963687671
    },
    "evaluation_context": {
      "split": "test",
      "scale": "train_fit_only_then_transform",
      "horizon": 1,
      "sequence_length": 24
    }
  },
  "checkpoints": {
    "best": "artifacts/checkpoints/local-e2e-smoke-20260218-191847/best.keras",
    "last": "artifacts/checkpoints/local-e2e-smoke-20260218-191847/last.keras"
  },
  "preprocessor": "artifacts/models/local-e2e-smoke-20260218-191847/preprocessor.pkl",
  "split_indices": {
    "n_total": 180,
    "train": {
      "start": 0,
      "end": 115
    },
    "val": {
      "start": 115,
      "end": 144
    },
    "test": {
      "start": 144,
      "end": 180
    },
    "ratios": {
      "test_size": 0.2,
      "val_size": 0.2
    }
  },
  "inference": {
    "x_shape": [
      1,
      24,
      1
    ],
    "y_true_last": [
      0.13959290087223053
    ],
    "y_pred_last": [
      0.10003122687339783
    ]
  },
  "timestamps": {
    "start": "2026-02-18T19:18:58.517828",
    "end": "2026-02-18T19:18:59.349311",
    "saved_at": "2026-02-18T19:18:59.442546"
  },
  "commit_hash": null,
  "commit_hash_source": "unavailable",
  "metadata_path": "artifacts/metadata/local-e2e-smoke-20260218-191847.json"
}