{
  "run_id": "local-quick-20260218-191832",
  "backend": "tensorflow",
  "config": {
    "sequence_length": 24,
    "horizon": 1,
    "hidden_units": [
      64,
      32
    ],
    "dropout": 0.2,
    "learning_rate": 0.001,
    "epochs": 1,
    "batch_size": 32,
    "test_size": 0.2,
    "val_size": 0.2,
    "normalize": true,
    "normalize_method": "minmax",
    "seed": 42,
    "processed_npz": "artifacts/processed/local-quick-20260218-191832/processed.npz",
    "preprocessor_pkl": "artifacts/models/local-quick-20260218-191832/preprocessor.pkl",
    "input_npy": null,
    "synthetic_samples": 800,
    "synthetic_noise": 0.08
  },
  "metrics": {
    "mae": 0.07121296972036362,
    "mse": 0.006745938211679459,
    "rmse": 0.08213365823030472,
    "mape": 102.6611557006836,
    "r2": -6.210721969604492
  },
  "baselines": {
    "lstm": {
      "mae": 0.07121296972036362,
      "mse": 0.006745938211679459,
      "rmse": 0.08213365823030472,
      "mape": 102.6611557006836,
      "r2": -6.210721969604492
    },
    "naive_last": {
      "mae": 0.034651342779397964,
      "mse": 0.0016576781636103988,
      "rmse": 0.04071459546685219,
      "mape": 44.743980407714844,
      "r2": -0.771889328956604
    },
    "moving_average_3": {
      "mae": 0.04690806567668915,
      "mse": 0.0027974278200417757,
      "rmse": 0.05289071425795555,
      "mape": 61.878692626953125,
      "r2": -1.9901659488677979
    },
    "relative_improvement_rmse_pct": {
      "vs_naive_last": -101.73023240314554,
      "vs_moving_average_3": -55.28936194884984
    },
    "evaluation_context": {
      "split": "test",
      "scale": "train_fit_only_then_transform",
      "horizon": 1,
      "sequence_length": 24
    }
  },
  "checkpoints": {
    "best": "artifacts/checkpoints/local-quick-20260218-191832/best.keras",
    "last": "artifacts/checkpoints/local-quick-20260218-191832/last.keras"
  },
  "preprocessor": "artifacts/models/local-quick-20260218-191832/preprocessor.pkl",
  "split_indices": {
    "n_total": 180,
    "train": {
      "start": 0,
      "end": 115
    },
    "val": {
      "start": 115,
      "end": 144
    },
    "test": {
      "start": 144,
      "end": 180
    },
    "ratios": {
      "test_size": 0.2,
      "val_size": 0.2
    }
  },
  "inference": {
    "x_shape": [
      1,
      24,
      1
    ],
    "y_true_last": [
      0.05747536942362785
    ],
    "y_pred_last": [
      0.10859222710132599
    ]
  },
  "timestamps": {
    "start": "2026-02-18T19:18:40.954159",
    "end": "2026-02-18T19:18:41.831062",
    "saved_at": "2026-02-18T19:18:41.923330"
  },
  "commit_hash": null,
  "commit_hash_source": "unavailable",
  "metadata_path": "artifacts/metadata/local-quick-20260218-191832.json"
}