{
  "run_id": "local-e2e-smoke-20260218-191855",
  "backend": "tensorflow",
  "config": {
    "sequence_length": 24,
    "horizon": 1,
    "hidden_units": [
      64,
      32
    ],
    "dropout": 0.2,
    "learning_rate": 0.001,
    "epochs": 1,
    "batch_size": 32,
    "test_size": 0.2,
    "val_size": 0.2,
    "normalize": true,
    "normalize_method": "minmax",
    "seed": 42,
    "processed_npz": "artifacts/processed/local-e2e-smoke-20260218-191855/processed.npz",
    "preprocessor_pkl": "artifacts/models/local-e2e-smoke-20260218-191855/preprocessor.pkl",
    "input_npy": null,
    "synthetic_samples": 800,
    "synthetic_noise": 0.08
  },
  "metrics": {
    "mae": 0.07910807430744171,
    "mse": 0.008601854555308819,
    "rmse": 0.09274618327617645,
    "mape": 132.7808380126953,
    "r2": -3.3589224815368652
  },
  "baselines": {
    "lstm": {
      "mae": 0.07910807430744171,
      "mse": 0.008601854555308819,
      "rmse": 0.09274618327617645,
      "mape": 132.7808380126953,
      "r2": -3.3589224815368652
    },
    "naive_last": {
      "mae": 0.03304530307650566,
      "mse": 0.0014719649916514754,
      "rmse": 0.03836619481444359,
      "mape": 38.46329116821289,
      "r2": 0.2540932297706604
    },
    "moving_average_3": {
      "mae": 0.03639783710241318,
      "mse": 0.0021208759862929583,
      "rmse": 0.0460529699921608,
      "mape": 44.23713684082031,
      "r2": -0.07473742961883545
    },
    "relative_improvement_rmse_pct": {
      "vs_naive_last": -141.7392956242068,
      "vs_moving_average_3": -101.3902103446158
    },
    "evaluation_context": {
      "split": "test",
      "scale": "train_fit_only_then_transform",
      "horizon": 1,
      "sequence_length": 24
    }
  },
  "checkpoints": {
    "best": "artifacts/checkpoints/local-e2e-smoke-20260218-191855/best.keras",
    "last": "artifacts/checkpoints/local-e2e-smoke-20260218-191855/last.keras"
  },
  "preprocessor": "artifacts/models/local-e2e-smoke-20260218-191855/preprocessor.pkl",
  "split_indices": {
    "n_total": 180,
    "train": {
      "start": 0,
      "end": 115
    },
    "val": {
      "start": 115,
      "end": 144
    },
    "test": {
      "start": 144,
      "end": 180
    },
    "ratios": {
      "test_size": 0.2,
      "val_size": 0.2
    }
  },
  "inference": {
    "x_shape": [
      1,
      24,
      1
    ],
    "y_true_last": [
      0.19930320978164673
    ],
    "y_pred_last": [
      0.10248661041259766
    ]
  },
  "timestamps": {
    "start": "2026-02-18T19:19:00.612914",
    "end": "2026-02-18T19:19:01.420430",
    "saved_at": "2026-02-18T19:19:01.509817"
  },
  "commit_hash": null,
  "commit_hash_source": "unavailable",
  "metadata_path": "artifacts/metadata/local-e2e-smoke-20260218-191855.json"
}