{
  "run_id": "phase4-smoke-20260220-025539",
  "backend": "tensorflow",
  "config": {
    "sequence_length": 24,
    "horizon": 1,
    "hidden_units": [
      64,
      32
    ],
    "dropout": 0.2,
    "learning_rate": 0.001,
    "epochs": 1,
    "batch_size": 32,
    "test_size": 0.2,
    "val_size": 0.2,
    "normalize": true,
    "normalize_method": "minmax",
    "seed": 42,
    "deterministic": true,
    "ma_window": null,
    "processed_npz": "artifacts/processed/phase4-smoke-20260220-025539/processed.npz",
    "preprocessor_pkl": "artifacts/models/phase4-smoke-20260220-025539/preprocessor.pkl",
    "input_npy": null,
    "synthetic_samples": 800,
    "synthetic_noise": 0.08,
    "model_type": "lstm",
    "feature_mode": "univariate",
    "target_cols": [
      "target"
    ],
    "dynamic_covariates": [],
    "static_covariates": [],
    "covariate_spec": {},
    "export_formats": [
      "none"
    ]
  },
  "metrics": {
    "mae": 0.7520354986190796,
    "mse": 0.6851038932800293,
    "rmse": 0.8277100324630737,
    "mape": 120.29535675048828,
    "mase": 5.636589527130127,
    "r2": 0.002292156219482422
  },
  "baselines": {
    "lstm": {
      "mae": 0.7520354986190796,
      "mse": 0.6851038932800293,
      "rmse": 0.8277100324630737,
      "mape": 120.29535675048828,
      "r2": 0.002292156219482422
    },
    "naive_last": {
      "mae": 0.13579340279102325,
      "mse": 0.024654030799865723,
      "rmse": 0.15701602399349213,
      "mape": 40.8773307800293,
      "r2": 0.9640966653823853
    },
    "moving_average_24": {
      "window": 24,
      "mae": 0.9186059832572937,
      "mse": 1.1210689544677734,
      "rmse": 1.0588054656982422,
      "mape": 241.76556396484375,
      "r2": -0.6325980424880981
    },
    "relative_improvement_rmse_pct": {
      "vs_naive_last": -427.1500122703265,
      "vs_moving_average_24": 21.826051955650282
    },
    "metrics": {
      "model": {
        "mae": 0.7520354986190796,
        "mse": 0.6851038932800293,
        "rmse": 0.8277100324630737,
        "mape": 120.29535675048828,
        "r2": 0.002292156219482422
      },
      "baseline": {
        "naive": {
          "mae": 0.13579340279102325,
          "mse": 0.024654030799865723,
          "rmse": 0.15701602399349213,
          "mape": 40.8773307800293,
          "r2": 0.9640966653823853
        },
        "ma": {
          "window": 24,
          "mae": 0.9186059832572937,
          "mse": 1.1210689544677734,
          "rmse": 1.0588054656982422,
          "mape": 241.76556396484375,
          "r2": -0.6325980424880981
        }
      },
      "delta_vs_baseline": {
        "naive": {
          "rmse_improvement_pct": -427.1500122703265
        },
        "ma": {
          "rmse_improvement_pct": 21.826051955650282
        }
      }
    },
    "evaluation_context": {
      "split": "test",
      "scale": "train_fit_only_then_transform",
      "horizon": 1,
      "sequence_length": 24
    }
  },
  "checkpoints": {
    "best": "artifacts/checkpoints/phase4-smoke-20260220-025539/best.keras",
    "last": "artifacts/checkpoints/phase4-smoke-20260220-025539/last.keras"
  },
  "preprocessor": "artifacts/models/phase4-smoke-20260220-025539/preprocessor.pkl",
  "split_indices": {
    "n_total": 156,
    "train": {
      "start": 0,
      "end": 99
    },
    "val": {
      "start": 99,
      "end": 124
    },
    "test": {
      "start": 124,
      "end": 156
    },
    "ratios": {
      "test_size": 0.2,
      "val_size": 0.2
    },
    "source": "processed_xy"
  },
  "inference": {
    "x_shape": [
      1,
      24,
      1
    ],
    "y_true_last": [
      -1.208469033241272
    ],
    "y_pred_last": [
      -0.46276092529296875
    ],
    "predictions_csv": "artifacts/predictions/phase4-smoke-20260220-025539.csv"
  },
  "timestamps": {
    "start": "2026-02-20T02:55:44.850289",
    "end": "2026-02-20T02:55:45.703539",
    "saved_at": "2026-02-20T02:55:45.736456"
  },
  "commit_hash": null,
  "commit_hash_source": "unavailable",
  "metadata_path": "artifacts/metadata/phase4-smoke-20260220-025539.json",
  "runmeta_path": "artifacts/runs/phase4-smoke-20260220-025539.meta.json"
}