{
  "run_id": "phase4-fixpass2-e2e-20260218-181546",
  "backend": "tensorflow",
  "config": {
    "sequence_length": 24,
    "horizon": 1,
    "hidden_units": [
      64,
      32
    ],
    "dropout": 0.2,
    "learning_rate": 0.001,
    "epochs": 1,
    "batch_size": 32,
    "test_size": 0.2,
    "val_size": 0.2,
    "normalize": true,
    "normalize_method": "minmax",
    "seed": 42,
    "processed_npz": "artifacts/processed/phase4-fixpass2-e2e-20260218-181546/processed.npz",
    "preprocessor_pkl": "artifacts/models/phase4-fixpass2-e2e-20260218-181546/preprocessor.pkl",
    "input_npy": null,
    "synthetic_samples": 800,
    "synthetic_noise": 0.08
  },
  "metrics": {
    "mae": 0.10752413421869278,
    "mse": 0.013538327999413013,
    "rmse": 0.1163543239235878,
    "mape": 459.2024230957031,
    "r2": -6.612599849700928
  },
  "baselines": {
    "lstm": {
      "mae": 0.10752413421869278,
      "mse": 0.013538327999413013,
      "rmse": 0.1163543239235878,
      "mape": 459.2024230957031,
      "r2": -6.612599849700928
    },
    "naive_last": {
      "mae": 0.031691569834947586,
      "mse": 0.0016073879087343812,
      "rmse": 0.040092241019010544,
      "mape": 97.81544494628906,
      "r2": 0.09616601467132568
    },
    "moving_average_3": {
      "mae": 0.03492278233170509,
      "mse": 0.001973293488845229,
      "rmse": 0.04442176967859268,
      "mape": 117.22513580322266,
      "r2": -0.10958254337310791
    },
    "relative_improvement_rmse_pct": {
      "vs_naive_last": -190.21651557657876,
      "vs_moving_average_3": -161.93082484639885
    },
    "evaluation_context": {
      "split": "test",
      "scale": "train_fit_only_then_transform",
      "horizon": 1,
      "sequence_length": 24
    }
  },
  "checkpoints": {
    "best": "artifacts/checkpoints/phase4-fixpass2-e2e-20260218-181546/best.keras",
    "last": "artifacts/checkpoints/phase4-fixpass2-e2e-20260218-181546/last.keras"
  },
  "preprocessor": "artifacts/models/phase4-fixpass2-e2e-20260218-181546/preprocessor.pkl",
  "split_indices": {
    "n_total": 180,
    "train": {
      "start": 0,
      "end": 115
    },
    "val": {
      "start": 115,
      "end": 144
    },
    "test": {
      "start": 144,
      "end": 180
    },
    "ratios": {
      "test_size": 0.2,
      "val_size": 0.2
    }
  },
  "inference": {
    "x_shape": [
      1,
      24,
      1
    ],
    "y_true_last": [
      0.15413175523281097
    ],
    "y_pred_last": [
      0.09688621759414673
    ]
  },
  "timestamps": {
    "start": "2026-02-18T18:15:51.308806",
    "end": "2026-02-18T18:15:52.094672",
    "saved_at": "2026-02-18T18:15:52.179435"
  },
  "commit_hash": null,
  "commit_hash_source": "unavailable",
  "metadata_path": "artifacts/metadata/phase4-fixpass2-e2e-20260218-181546.json"
}