{
  "run_id": "phase4-smoke-20260220-025655",
  "backend": "tensorflow",
  "config": {
    "sequence_length": 24,
    "horizon": 1,
    "hidden_units": [
      64,
      32
    ],
    "dropout": 0.2,
    "learning_rate": 0.001,
    "epochs": 1,
    "batch_size": 32,
    "test_size": 0.2,
    "val_size": 0.2,
    "normalize": true,
    "normalize_method": "minmax",
    "seed": 42,
    "deterministic": true,
    "ma_window": null,
    "processed_npz": "artifacts/processed/phase4-smoke-20260220-025655/processed.npz",
    "preprocessor_pkl": "artifacts/models/phase4-smoke-20260220-025655/preprocessor.pkl",
    "input_npy": null,
    "synthetic_samples": 800,
    "synthetic_noise": 0.08,
    "model_type": "lstm",
    "feature_mode": "univariate",
    "target_cols": [
      "target"
    ],
    "dynamic_covariates": [],
    "static_covariates": [],
    "covariate_spec": {},
    "export_formats": [
      "none"
    ]
  },
  "metrics": {
    "mae": 0.7498887777328491,
    "mse": 0.7416640520095825,
    "rmse": 0.8611992001533508,
    "mape": 112.82477569580078,
    "mase": 5.9718804359436035,
    "r2": -0.029126882553100586
  },
  "baselines": {
    "lstm": {
      "mae": 0.7498887777328491,
      "mse": 0.7416640520095825,
      "rmse": 0.8611992001533508,
      "mape": 112.82477569580078,
      "r2": -0.029126882553100586
    },
    "naive_last": {
      "mae": 0.12550517916679382,
      "mse": 0.0232885479927063,
      "rmse": 0.15260586142539978,
      "mape": 49.12216567993164,
      "r2": 0.9676849842071533
    },
    "moving_average_24": {
      "window": 24,
      "mae": 0.9910635948181152,
      "mse": 1.2297546863555908,
      "rmse": 1.1089431047439575,
      "mape": 260.1656799316406,
      "r2": -0.7063974142074585
    },
    "relative_improvement_rmse_pct": {
      "vs_naive_last": -464.3290144143252,
      "vs_moving_average_24": 22.34054220606329
    },
    "metrics": {
      "model": {
        "mae": 0.7498887777328491,
        "mse": 0.7416640520095825,
        "rmse": 0.8611992001533508,
        "mape": 112.82477569580078,
        "r2": -0.029126882553100586
      },
      "baseline": {
        "naive": {
          "mae": 0.12550517916679382,
          "mse": 0.0232885479927063,
          "rmse": 0.15260586142539978,
          "mape": 49.12216567993164,
          "r2": 0.9676849842071533
        },
        "ma": {
          "window": 24,
          "mae": 0.9910635948181152,
          "mse": 1.2297546863555908,
          "rmse": 1.1089431047439575,
          "mape": 260.1656799316406,
          "r2": -0.7063974142074585
        }
      },
      "delta_vs_baseline": {
        "naive": {
          "rmse_improvement_pct": -464.3290144143252
        },
        "ma": {
          "rmse_improvement_pct": 22.34054220606329
        }
      }
    },
    "evaluation_context": {
      "split": "test",
      "scale": "train_fit_only_then_transform",
      "horizon": 1,
      "sequence_length": 24
    }
  },
  "checkpoints": {
    "best": "artifacts/checkpoints/phase4-smoke-20260220-025655/best.keras",
    "last": "artifacts/checkpoints/phase4-smoke-20260220-025655/last.keras"
  },
  "preprocessor": "artifacts/models/phase4-smoke-20260220-025655/preprocessor.pkl",
  "split_indices": {
    "n_total": 156,
    "train": {
      "start": 0,
      "end": 99
    },
    "val": {
      "start": 99,
      "end": 124
    },
    "test": {
      "start": 124,
      "end": 156
    },
    "ratios": {
      "test_size": 0.2,
      "val_size": 0.2
    },
    "source": "processed_xy"
  },
  "inference": {
    "x_shape": [
      1,
      24,
      1
    ],
    "y_true_last": [
      -0.8339504599571228
    ],
    "y_pred_last": [
      -0.4892981946468353
    ],
    "predictions_csv": "artifacts/predictions/phase4-smoke-20260220-025655.csv"
  },
  "timestamps": {
    "start": "2026-02-20T02:57:00.232297",
    "end": "2026-02-20T02:57:01.045874",
    "saved_at": "2026-02-20T02:57:01.077287"
  },
  "commit_hash": null,
  "commit_hash_source": "unavailable",
  "metadata_path": "artifacts/metadata/phase4-smoke-20260220-025655.json",
  "runmeta_path": "artifacts/runs/phase4-smoke-20260220-025655.meta.json"
}