{
  "run_id": "phase4-fixpass2-smoke-20260218-181552",
  "backend": "tensorflow",
  "config": {
    "sequence_length": 24,
    "horizon": 1,
    "hidden_units": [
      64,
      32
    ],
    "dropout": 0.2,
    "learning_rate": 0.001,
    "epochs": 1,
    "batch_size": 32,
    "test_size": 0.2,
    "val_size": 0.2,
    "normalize": true,
    "normalize_method": "minmax",
    "seed": 42,
    "processed_npz": "artifacts/processed/phase4-fixpass2-smoke-20260218-181552/processed.npz",
    "preprocessor_pkl": "artifacts/models/phase4-fixpass2-smoke-20260218-181552/preprocessor.pkl",
    "input_npy": null,
    "synthetic_samples": 800,
    "synthetic_noise": 0.08
  },
  "metrics": {
    "mae": 0.09054603427648544,
    "mse": 0.009762456640601158,
    "rmse": 0.09880514442920685,
    "mape": 141.99534606933594,
    "r2": -7.093660354614258
  },
  "baselines": {
    "lstm": {
      "mae": 0.09054603427648544,
      "mse": 0.009762456640601158,
      "rmse": 0.09880514442920685,
      "mape": 141.99534606933594,
      "r2": -7.093660354614258
    },
    "naive_last": {
      "mae": 0.02013353817164898,
      "mse": 0.0006892150267958641,
      "rmse": 0.026252904906868935,
      "mape": 23.560415267944336,
      "r2": 0.4285995364189148
    },
    "moving_average_3": {
      "mae": 0.025428717955946922,
      "mse": 0.0011742172064259648,
      "rmse": 0.03426685184240341,
      "mape": 29.662817001342773,
      "r2": 0.02650374174118042
    },
    "relative_improvement_rmse_pct": {
      "vs_naive_last": -276.3587958888139,
      "vs_moving_average_3": -188.34024803211113
    },
    "evaluation_context": {
      "split": "test",
      "scale": "train_fit_only_then_transform",
      "horizon": 1,
      "sequence_length": 24
    }
  },
  "checkpoints": {
    "best": "artifacts/checkpoints/phase4-fixpass2-smoke-20260218-181552/best.keras",
    "last": "artifacts/checkpoints/phase4-fixpass2-smoke-20260218-181552/last.keras"
  },
  "preprocessor": "artifacts/models/phase4-fixpass2-smoke-20260218-181552/preprocessor.pkl",
  "split_indices": {
    "n_total": 180,
    "train": {
      "start": 0,
      "end": 115
    },
    "val": {
      "start": 115,
      "end": 144
    },
    "test": {
      "start": 144,
      "end": 180
    },
    "ratios": {
      "test_size": 0.2,
      "val_size": 0.2
    }
  },
  "inference": {
    "x_shape": [
      1,
      24,
      1
    ],
    "y_true_last": [
      0.13949176669120789
    ],
    "y_pred_last": [
      0.10099268704652786
    ]
  },
  "timestamps": {
    "start": "2026-02-18T18:15:56.964365",
    "end": "2026-02-18T18:15:57.825537",
    "saved_at": "2026-02-18T18:15:57.922029"
  },
  "commit_hash": null,
  "commit_hash_source": "unavailable",
  "metadata_path": "artifacts/metadata/phase4-fixpass2-smoke-20260218-181552.json"
}