{
  "run_id": "phase4-smoke-20260220-025722",
  "backend": "tensorflow",
  "config": {
    "sequence_length": 24,
    "horizon": 1,
    "hidden_units": [
      64,
      32
    ],
    "dropout": 0.2,
    "learning_rate": 0.001,
    "epochs": 1,
    "batch_size": 32,
    "test_size": 0.2,
    "val_size": 0.2,
    "normalize": true,
    "normalize_method": "minmax",
    "seed": 42,
    "deterministic": true,
    "ma_window": null,
    "processed_npz": "artifacts/processed/phase4-smoke-20260220-025722/processed.npz",
    "preprocessor_pkl": "artifacts/models/phase4-smoke-20260220-025722/preprocessor.pkl",
    "input_npy": null,
    "synthetic_samples": 800,
    "synthetic_noise": 0.08,
    "model_type": "lstm",
    "feature_mode": "univariate",
    "target_cols": [
      "target"
    ],
    "dynamic_covariates": [],
    "static_covariates": [],
    "covariate_spec": {},
    "export_formats": [
      "none"
    ]
  },
  "metrics": {
    "mae": 0.734310507774353,
    "mse": 0.7123537063598633,
    "rmse": 0.8440104722976685,
    "mape": 99.94812774658203,
    "mase": 6.20320987701416,
    "r2": -0.01865530014038086
  },
  "baselines": {
    "lstm": {
      "mae": 0.734310507774353,
      "mse": 0.7123537063598633,
      "rmse": 0.8440104722976685,
      "mape": 99.94812774658203,
      "r2": -0.01865530014038086
    },
    "naive_last": {
      "mae": 0.11934298276901245,
      "mse": 0.021342184394598007,
      "rmse": 0.14608964323997498,
      "mape": 27.70289421081543,
      "r2": 0.9694809913635254
    },
    "moving_average_24": {
      "window": 24,
      "mae": 0.971552312374115,
      "mse": 1.206946849822998,
      "rmse": 1.0986113548278809,
      "mape": 210.67584228515625,
      "r2": -0.7259161472320557
    },
    "relative_improvement_rmse_pct": {
      "vs_naive_last": -477.73460582540366,
      "vs_moving_average_24": 23.174790529324323
    },
    "metrics": {
      "model": {
        "mae": 0.734310507774353,
        "mse": 0.7123537063598633,
        "rmse": 0.8440104722976685,
        "mape": 99.94812774658203,
        "r2": -0.01865530014038086
      },
      "baseline": {
        "naive": {
          "mae": 0.11934298276901245,
          "mse": 0.021342184394598007,
          "rmse": 0.14608964323997498,
          "mape": 27.70289421081543,
          "r2": 0.9694809913635254
        },
        "ma": {
          "window": 24,
          "mae": 0.971552312374115,
          "mse": 1.206946849822998,
          "rmse": 1.0986113548278809,
          "mape": 210.67584228515625,
          "r2": -0.7259161472320557
        }
      },
      "delta_vs_baseline": {
        "naive": {
          "rmse_improvement_pct": -477.73460582540366
        },
        "ma": {
          "rmse_improvement_pct": 23.174790529324323
        }
      }
    },
    "evaluation_context": {
      "split": "test",
      "scale": "train_fit_only_then_transform",
      "horizon": 1,
      "sequence_length": 24
    }
  },
  "checkpoints": {
    "best": "artifacts/checkpoints/phase4-smoke-20260220-025722/best.keras",
    "last": "artifacts/checkpoints/phase4-smoke-20260220-025722/last.keras"
  },
  "preprocessor": "artifacts/models/phase4-smoke-20260220-025722/preprocessor.pkl",
  "split_indices": {
    "n_total": 156,
    "train": {
      "start": 0,
      "end": 99
    },
    "val": {
      "start": 99,
      "end": 124
    },
    "test": {
      "start": 124,
      "end": 156
    },
    "ratios": {
      "test_size": 0.2,
      "val_size": 0.2
    },
    "source": "processed_xy"
  },
  "inference": {
    "x_shape": [
      1,
      24,
      1
    ],
    "y_true_last": [
      -0.6633202433586121
    ],
    "y_pred_last": [
      -0.48795285820961
    ],
    "predictions_csv": "artifacts/predictions/phase4-smoke-20260220-025722.csv"
  },
  "timestamps": {
    "start": "2026-02-20T02:57:27.008390",
    "end": "2026-02-20T02:57:27.877157",
    "saved_at": "2026-02-20T02:57:27.911224"
  },
  "commit_hash": null,
  "commit_hash_source": "unavailable",
  "metadata_path": "artifacts/metadata/phase4-smoke-20260220-025722.json",
  "runmeta_path": "artifacts/runs/phase4-smoke-20260220-025722.meta.json"
}