{
  "run_id": "pre-release-20260220-031236-smoke",
  "backend": "tensorflow",
  "config": {
    "sequence_length": 24,
    "horizon": 1,
    "hidden_units": [
      64,
      32
    ],
    "dropout": 0.2,
    "learning_rate": 0.001,
    "epochs": 1,
    "batch_size": 32,
    "test_size": 0.2,
    "val_size": 0.2,
    "normalize": true,
    "normalize_method": "minmax",
    "seed": 42,
    "deterministic": true,
    "ma_window": null,
    "processed_npz": "artifacts/processed/pre-release-20260220-031236-smoke/processed.npz",
    "preprocessor_pkl": "artifacts/models/pre-release-20260220-031236-smoke/preprocessor.pkl",
    "input_npy": null,
    "synthetic_samples": 800,
    "synthetic_noise": 0.08,
    "model_type": "lstm",
    "feature_mode": "univariate",
    "target_cols": [
      "target"
    ],
    "dynamic_covariates": [],
    "static_covariates": [],
    "covariate_spec": {},
    "covariate_contract": {
      "enabled": false,
      "schema_version": null,
      "dynamic_covariates": [],
      "static_covariates": [],
      "required_missing": [],
      "declared_missing_in_columns": [],
      "spec": {}
    },
    "export_formats": [
      "none"
    ]
  },
  "metrics": {
    "mae": 0.7273641228675842,
    "mse": 0.6481250524520874,
    "rmse": 0.8050621151924133,
    "mape": 209.57350158691406,
    "mase": 5.867458820343018,
    "r2": 0.05747181177139282
  },
  "baselines": {
    "lstm": {
      "mae": 0.7273641228675842,
      "mse": 0.6481250524520874,
      "rmse": 0.8050621151924133,
      "mape": 209.57350158691406,
      "r2": 0.05747181177139282
    },
    "naive_last": {
      "mae": 0.12371353060007095,
      "mse": 0.019073214381933212,
      "rmse": 0.13810580968856812,
      "mape": 72.11310577392578,
      "r2": 0.972262978553772
    },
    "moving_average_24": {
      "window": 24,
      "mae": 0.9643388986587524,
      "mse": 1.1632894277572632,
      "rmse": 1.0785589218139648,
      "mape": 603.15673828125,
      "r2": -0.6916999816894531
    },
    "relative_improvement_rmse_pct": {
      "vs_naive_last": -482.9313543830719,
      "vs_moving_average_24": 25.357613622611545
    },
    "metrics": {
      "model": {
        "mae": 0.7273641228675842,
        "mse": 0.6481250524520874,
        "rmse": 0.8050621151924133,
        "mape": 209.57350158691406,
        "r2": 0.05747181177139282
      },
      "baseline": {
        "naive": {
          "mae": 0.12371353060007095,
          "mse": 0.019073214381933212,
          "rmse": 0.13810580968856812,
          "mape": 72.11310577392578,
          "r2": 0.972262978553772
        },
        "ma": {
          "window": 24,
          "mae": 0.9643388986587524,
          "mse": 1.1632894277572632,
          "rmse": 1.0785589218139648,
          "mape": 603.15673828125,
          "r2": -0.6916999816894531
        }
      },
      "delta_vs_baseline": {
        "naive": {
          "rmse_improvement_pct": -482.9313543830719
        },
        "ma": {
          "rmse_improvement_pct": 25.357613622611545
        }
      }
    },
    "evaluation_context": {
      "split": "test",
      "scale": "train_fit_only_then_transform",
      "horizon": 1,
      "sequence_length": 24
    }
  },
  "checkpoints": {
    "best": "artifacts/checkpoints/pre-release-20260220-031236-smoke/best.keras",
    "last": "artifacts/checkpoints/pre-release-20260220-031236-smoke/last.keras"
  },
  "preprocessor": "artifacts/models/pre-release-20260220-031236-smoke/preprocessor.pkl",
  "split_indices": {
    "n_total": 156,
    "train": {
      "start": 0,
      "end": 99
    },
    "val": {
      "start": 99,
      "end": 124
    },
    "test": {
      "start": 124,
      "end": 156
    },
    "ratios": {
      "test_size": 0.2,
      "val_size": 0.2
    },
    "source": "processed_xy"
  },
  "inference": {
    "x_shape": [
      1,
      24,
      1
    ],
    "y_true_last": [
      -1.1240622997283936
    ],
    "y_pred_last": [
      -0.45105066895484924
    ],
    "predictions_csv": "artifacts/predictions/pre-release-20260220-031236-smoke.csv"
  },
  "timestamps": {
    "start": "2026-02-20T03:13:06.067142",
    "end": "2026-02-20T03:13:06.868192",
    "saved_at": "2026-02-20T03:13:06.898525"
  },
  "commit_hash": null,
  "commit_hash_source": "unavailable",
  "metadata_path": "artifacts/metadata/pre-release-20260220-031236-smoke.json",
  "runmeta_path": "artifacts/runs/pre-release-20260220-031236-smoke.meta.json",
  "covariate_schema": {
    "enabled": false,
    "schema_version": null,
    "dynamic_covariates": [],
    "static_covariates": [],
    "required_missing": [],
    "declared_missing_in_columns": [],
    "spec": {}
  }
}