{
  "run_id": "pre-release-20260220-030757-smoke",
  "backend": "tensorflow",
  "config": {
    "sequence_length": 24,
    "horizon": 1,
    "hidden_units": [
      64,
      32
    ],
    "dropout": 0.2,
    "learning_rate": 0.001,
    "epochs": 1,
    "batch_size": 32,
    "test_size": 0.2,
    "val_size": 0.2,
    "normalize": true,
    "normalize_method": "minmax",
    "seed": 42,
    "deterministic": true,
    "ma_window": null,
    "processed_npz": "artifacts/processed/pre-release-20260220-030757-smoke/processed.npz",
    "preprocessor_pkl": "artifacts/models/pre-release-20260220-030757-smoke/preprocessor.pkl",
    "input_npy": null,
    "synthetic_samples": 800,
    "synthetic_noise": 0.08,
    "model_type": "lstm",
    "feature_mode": "univariate",
    "target_cols": [
      "target"
    ],
    "dynamic_covariates": [],
    "static_covariates": [],
    "covariate_spec": {},
    "covariate_contract": {
      "enabled": false,
      "schema_version": null,
      "dynamic_covariates": [],
      "static_covariates": [],
      "required_missing": [],
      "declared_missing_in_columns": [],
      "spec": {}
    },
    "export_formats": [
      "none"
    ]
  },
  "metrics": {
    "mae": 0.7490540742874146,
    "mse": 0.6826798915863037,
    "rmse": 0.8262444734573364,
    "mape": 307.629150390625,
    "mase": 6.274662494659424,
    "r2": -0.028937578201293945
  },
  "baselines": {
    "lstm": {
      "mae": 0.7490540742874146,
      "mse": 0.6826798915863037,
      "rmse": 0.8262444734573364,
      "mape": 307.629150390625,
      "r2": -0.028937578201293945
    },
    "naive_last": {
      "mae": 0.12046266347169876,
      "mse": 0.020827941596508026,
      "rmse": 0.14431889355182648,
      "mape": 90.2868423461914,
      "r2": 0.968608021736145
    },
    "moving_average_24": {
      "window": 24,
      "mae": 0.9592140913009644,
      "mse": 1.150956392288208,
      "rmse": 1.0728263854980469,
      "mape": 918.0905151367188,
      "r2": -0.7347257137298584
    },
    "relative_improvement_rmse_pct": {
      "vs_naive_last": -472.51299942188314,
      "vs_moving_average_24": 22.984325616470105
    },
    "metrics": {
      "model": {
        "mae": 0.7490540742874146,
        "mse": 0.6826798915863037,
        "rmse": 0.8262444734573364,
        "mape": 307.629150390625,
        "r2": -0.028937578201293945
      },
      "baseline": {
        "naive": {
          "mae": 0.12046266347169876,
          "mse": 0.020827941596508026,
          "rmse": 0.14431889355182648,
          "mape": 90.2868423461914,
          "r2": 0.968608021736145
        },
        "ma": {
          "window": 24,
          "mae": 0.9592140913009644,
          "mse": 1.150956392288208,
          "rmse": 1.0728263854980469,
          "mape": 918.0905151367188,
          "r2": -0.7347257137298584
        }
      },
      "delta_vs_baseline": {
        "naive": {
          "rmse_improvement_pct": -472.51299942188314
        },
        "ma": {
          "rmse_improvement_pct": 22.984325616470105
        }
      }
    },
    "evaluation_context": {
      "split": "test",
      "scale": "train_fit_only_then_transform",
      "horizon": 1,
      "sequence_length": 24
    }
  },
  "checkpoints": {
    "best": "artifacts/checkpoints/pre-release-20260220-030757-smoke/best.keras",
    "last": "artifacts/checkpoints/pre-release-20260220-030757-smoke/last.keras"
  },
  "preprocessor": "artifacts/models/pre-release-20260220-030757-smoke/preprocessor.pkl",
  "split_indices": {
    "n_total": 156,
    "train": {
      "start": 0,
      "end": 99
    },
    "val": {
      "start": 99,
      "end": 124
    },
    "test": {
      "start": 124,
      "end": 156
    },
    "ratios": {
      "test_size": 0.2,
      "val_size": 0.2
    },
    "source": "processed_xy"
  },
  "inference": {
    "x_shape": [
      1,
      24,
      1
    ],
    "y_true_last": [
      -1.1701762676239014
    ],
    "y_pred_last": [
      -0.45804035663604736
    ],
    "predictions_csv": "artifacts/predictions/pre-release-20260220-030757-smoke.csv"
  },
  "timestamps": {
    "start": "2026-02-20T03:08:28.108470",
    "end": "2026-02-20T03:08:28.926501",
    "saved_at": "2026-02-20T03:08:28.957538"
  },
  "commit_hash": null,
  "commit_hash_source": "unavailable",
  "metadata_path": "artifacts/metadata/pre-release-20260220-030757-smoke.json",
  "runmeta_path": "artifacts/runs/pre-release-20260220-030757-smoke.meta.json",
  "covariate_schema": {
    "enabled": false,
    "schema_version": null,
    "dynamic_covariates": [],
    "static_covariates": [],
    "required_missing": [],
    "declared_missing_in_columns": [],
    "spec": {}
  }
}