{
  "run_id": "pre-release-20260220-031947-smoke",
  "backend": "tensorflow",
  "config": {
    "sequence_length": 24,
    "horizon": 1,
    "hidden_units": [
      64,
      32
    ],
    "dropout": 0.2,
    "learning_rate": 0.001,
    "epochs": 1,
    "batch_size": 32,
    "test_size": 0.2,
    "val_size": 0.2,
    "normalize": true,
    "normalize_method": "minmax",
    "seed": 42,
    "deterministic": true,
    "ma_window": null,
    "processed_npz": "artifacts/processed/pre-release-20260220-031947-smoke/processed.npz",
    "preprocessor_pkl": "artifacts/models/pre-release-20260220-031947-smoke/preprocessor.pkl",
    "input_npy": null,
    "synthetic_samples": 800,
    "synthetic_noise": 0.08,
    "model_type": "lstm",
    "feature_mode": "univariate",
    "target_cols": [
      "target"
    ],
    "dynamic_covariates": [],
    "static_covariates": [],
    "covariate_spec": {},
    "covariate_contract": {
      "enabled": false,
      "schema_version": null,
      "dynamic_covariates": [],
      "static_covariates": [],
      "required_missing": [],
      "declared_missing_in_columns": [],
      "spec": {}
    },
    "export_formats": [
      "none"
    ]
  },
  "metrics": {
    "mae": 0.7243961691856384,
    "mse": 0.6253429651260376,
    "rmse": 0.7907862663269043,
    "mape": 127.45597076416016,
    "mase": 7.52116060256958,
    "r2": -0.013657808303833008
  },
  "baselines": {
    "lstm": {
      "mae": 0.7243961691856384,
      "mse": 0.6253429651260376,
      "rmse": 0.7907862663269043,
      "mape": 127.45597076416016,
      "r2": -0.013657808303833008
    },
    "naive_last": {
      "mae": 0.09541009366512299,
      "mse": 0.013220444321632385,
      "rmse": 0.11498019099235535,
      "mape": 34.75974655151367,
      "r2": 0.9785701632499695
    },
    "moving_average_24": {
      "window": 24,
      "mae": 0.9142481684684753,
      "mse": 1.0586823225021362,
      "rmse": 1.0289229154586792,
      "mape": 273.73260498046875,
      "r2": -0.7160848379135132
    },
    "relative_improvement_rmse_pct": {
      "vs_naive_last": -587.7586484472063,
      "vs_moving_average_24": 23.144265060049758
    },
    "metrics": {
      "model": {
        "mae": 0.7243961691856384,
        "mse": 0.6253429651260376,
        "rmse": 0.7907862663269043,
        "mape": 127.45597076416016,
        "r2": -0.013657808303833008
      },
      "baseline": {
        "naive": {
          "mae": 0.09541009366512299,
          "mse": 0.013220444321632385,
          "rmse": 0.11498019099235535,
          "mape": 34.75974655151367,
          "r2": 0.9785701632499695
        },
        "ma": {
          "window": 24,
          "mae": 0.9142481684684753,
          "mse": 1.0586823225021362,
          "rmse": 1.0289229154586792,
          "mape": 273.73260498046875,
          "r2": -0.7160848379135132
        }
      },
      "delta_vs_baseline": {
        "naive": {
          "rmse_improvement_pct": -587.7586484472063
        },
        "ma": {
          "rmse_improvement_pct": 23.144265060049758
        }
      }
    },
    "evaluation_context": {
      "split": "test",
      "scale": "train_fit_only_then_transform",
      "horizon": 1,
      "sequence_length": 24
    }
  },
  "checkpoints": {
    "best": "artifacts/checkpoints/pre-release-20260220-031947-smoke/best.keras",
    "last": "artifacts/checkpoints/pre-release-20260220-031947-smoke/last.keras"
  },
  "preprocessor": "artifacts/models/pre-release-20260220-031947-smoke/preprocessor.pkl",
  "split_indices": {
    "n_total": 156,
    "train": {
      "start": 0,
      "end": 99
    },
    "val": {
      "start": 99,
      "end": 124
    },
    "test": {
      "start": 124,
      "end": 156
    },
    "ratios": {
      "test_size": 0.2,
      "val_size": 0.2
    },
    "source": "processed_xy"
  },
  "inference": {
    "x_shape": [
      1,
      24,
      1
    ],
    "y_true_last": [
      -1.28611421585083
    ],
    "y_pred_last": [
      -0.4539605975151062
    ],
    "predictions_csv": "artifacts/predictions/pre-release-20260220-031947-smoke.csv"
  },
  "timestamps": {
    "start": "2026-02-20T03:20:16.953343",
    "end": "2026-02-20T03:20:17.755010",
    "saved_at": "2026-02-20T03:20:17.785249"
  },
  "commit_hash": null,
  "commit_hash_source": "unavailable",
  "metadata_path": "artifacts/metadata/pre-release-20260220-031947-smoke.json",
  "runmeta_path": "artifacts/runs/pre-release-20260220-031947-smoke.meta.json",
  "covariate_schema": {
    "enabled": false,
    "schema_version": null,
    "dynamic_covariates": [],
    "static_covariates": [],
    "required_missing": [],
    "declared_missing_in_columns": [],
    "spec": {}
  }
}