{
  "run_id": "qa-smoke-20260220",
  "backend": "tensorflow",
  "config": {
    "sequence_length": 24,
    "horizon": 1,
    "hidden_units": [
      64,
      32
    ],
    "dropout": 0.2,
    "learning_rate": 0.001,
    "epochs": 1,
    "batch_size": 32,
    "test_size": 0.2,
    "val_size": 0.2,
    "normalize": true,
    "normalize_method": "minmax",
    "seed": 42,
    "processed_npz": "artifacts/processed/qa-smoke-20260220/processed.npz",
    "preprocessor_pkl": "artifacts/models/qa-smoke-20260220/preprocessor.pkl",
    "input_npy": null,
    "synthetic_samples": 800,
    "synthetic_noise": 0.08,
    "model_type": "lstm",
    "feature_mode": "univariate",
    "target_cols": [
      "target"
    ],
    "dynamic_covariates": [],
    "static_covariates": [],
    "covariate_spec": {},
    "export_formats": [
      "none"
    ]
  },
  "metrics": {
    "mae": 0.744013249874115,
    "mse": 0.70241779088974,
    "rmse": 0.838103711605072,
    "mape": 91.45635986328125,
    "r2": -0.02454078197479248
  },
  "baselines": {
    "lstm": {
      "mae": 0.744013249874115,
      "mse": 0.70241779088974,
      "rmse": 0.838103711605072,
      "mape": 91.45635986328125,
      "r2": -0.02454078197479248
    },
    "naive_last": {
      "mae": 0.10935525596141815,
      "mse": 0.019146636128425598,
      "rmse": 0.13837136328220367,
      "mape": 27.67733383178711,
      "r2": 0.9720728993415833
    },
    "moving_average_3": {
      "mae": 0.1917380690574646,
      "mse": 0.05277739092707634,
      "rmse": 0.22973330318927765,
      "mape": 47.13888931274414,
      "r2": 0.9230193495750427
    },
    "relative_improvement_rmse_pct": {
      "vs_naive_last": -505.6915543475804,
      "vs_moving_average_3": -264.8159293791915
    },
    "evaluation_context": {
      "split": "test",
      "scale": "train_fit_only_then_transform",
      "horizon": 1,
      "sequence_length": 24
    }
  },
  "checkpoints": {
    "best": "artifacts/checkpoints/qa-smoke-20260220/best.keras",
    "last": "artifacts/checkpoints/qa-smoke-20260220/last.keras"
  },
  "preprocessor": "artifacts/models/qa-smoke-20260220/preprocessor.pkl",
  "split_indices": {
    "n_total": 156,
    "train": {
      "start": 0,
      "end": 99
    },
    "val": {
      "start": 99,
      "end": 124
    },
    "test": {
      "start": 124,
      "end": 156
    },
    "ratios": {
      "test_size": 0.2,
      "val_size": 0.2
    },
    "source": "processed_xy"
  },
  "inference": {
    "x_shape": [
      1,
      24,
      1
    ],
    "y_true_last": [
      -1.1679295301437378
    ],
    "y_pred_last": [
      -0.480933278799057
    ]
  },
  "timestamps": {
    "start": "2026-02-20T02:38:11.335857",
    "end": "2026-02-20T02:38:11.335861",
    "saved_at": "2026-02-20T02:38:11.357259"
  },
  "commit_hash": null,
  "commit_hash_source": "unavailable",
  "metadata_path": "artifacts/metadata/qa-smoke-20260220.json"
}