{
  "run_id": "smoke-phase4-20260218-181422",
  "backend": "tensorflow",
  "config": {
    "sequence_length": 24,
    "horizon": 1,
    "hidden_units": [
      64,
      32
    ],
    "dropout": 0.2,
    "learning_rate": 0.001,
    "epochs": 1,
    "batch_size": 32,
    "test_size": 0.2,
    "val_size": 0.2,
    "normalize": true,
    "normalize_method": "minmax",
    "seed": 42,
    "processed_npz": "artifacts/processed/smoke-phase4-20260218-181422/processed.npz",
    "preprocessor_pkl": "artifacts/models/smoke-phase4-20260218-181422/preprocessor.pkl",
    "input_npy": null,
    "synthetic_samples": 800,
    "synthetic_noise": 0.08
  },
  "metrics": {
    "mae": 0.09657788276672363,
    "mse": 0.011484871618449688,
    "rmse": 0.10716748982667923,
    "mape": 351.12506103515625,
    "r2": -11.031488418579102
  },
  "baselines": {
    "lstm": {
      "mae": 0.09657788276672363,
      "mse": 0.011484871618449688,
      "rmse": 0.10716748982667923,
      "mape": 351.12506103515625,
      "r2": -11.031488418579102
    },
    "naive_last": {
      "mae": 0.02965937741100788,
      "mse": 0.0012264325050637126,
      "rmse": 0.035020459443330765,
      "mape": 79.0791244506836,
      "r2": -0.28480398654937744
    },
    "moving_average_3": {
      "mae": 0.03010781668126583,
      "mse": 0.0012025312753394246,
      "rmse": 0.03467753157019615,
      "mape": 81.37210083007812,
      "r2": -0.2597651481628418
    },
    "relative_improvement_rmse_pct": {
      "vs_naive_last": -206.01388710706738,
      "vs_moving_average_3": -209.04007312555586
    },
    "evaluation_context": {
      "split": "test",
      "scale": "train_fit_only_then_transform",
      "horizon": 1,
      "sequence_length": 24
    }
  },
  "checkpoints": {
    "best": "artifacts/checkpoints/smoke-phase4-20260218-181422/best.keras",
    "last": "artifacts/checkpoints/smoke-phase4-20260218-181422/last.keras"
  },
  "preprocessor": "artifacts/models/smoke-phase4-20260218-181422/preprocessor.pkl",
  "split_indices": {
    "n_total": 180,
    "train": {
      "start": 0,
      "end": 115
    },
    "val": {
      "start": 115,
      "end": 144
    },
    "test": {
      "start": 144,
      "end": 180
    },
    "ratios": {
      "test_size": 0.2,
      "val_size": 0.2
    }
  },
  "inference": {
    "x_shape": [
      1,
      24,
      1
    ],
    "y_true_last": [
      0.034750450402498245
    ],
    "y_pred_last": [
      0.09061597287654877
    ]
  },
  "timestamps": {
    "start": "2026-02-18T18:14:26.716391",
    "end": "2026-02-18T18:14:27.503067",
    "saved_at": "2026-02-18T18:14:27.588872"
  },
  "commit_hash": null,
  "commit_hash_source": "unavailable",
  "metadata_path": "artifacts/metadata/smoke-phase4-20260218-181422.json"
}