{
  "run_id": "syn-s1-20260218-211731",
  "backend": "tensorflow",
  "config": {
    "sequence_length": 24,
    "horizon": 1,
    "hidden_units": [
      64,
      32
    ],
    "dropout": 0.2,
    "learning_rate": 0.001,
    "epochs": 1,
    "batch_size": 16,
    "test_size": 0.2,
    "val_size": 0.2,
    "normalize": true,
    "normalize_method": "minmax",
    "seed": 42,
    "processed_npz": "artifacts/processed/syn-s1-20260218-211731/processed.npz",
    "preprocessor_pkl": "artifacts/models/syn-s1-20260218-211731/preprocessor.pkl",
    "input_npy": null,
    "synthetic_samples": 800,
    "synthetic_noise": 0.08,
    "model_type": "lstm",
    "feature_mode": "univariate",
    "target_cols": [
      "target"
    ],
    "dynamic_covariates": [],
    "static_covariates": [],
    "covariate_spec": {},
    "export_formats": [
      "none"
    ]
  },
  "metrics": {
    "mae": 1.1836705207824707,
    "mse": 1.831068754196167,
    "rmse": 1.3531699180603027,
    "mape": 116.97235107421875,
    "r2": -0.43867552280426025
  },
  "baselines": {
    "lstm": {
      "mae": 1.1836705207824707,
      "mse": 1.831068754196167,
      "rmse": 1.3531699180603027,
      "mape": 116.97235107421875,
      "r2": -0.43867552280426025
    },
    "naive_last": {
      "mae": 0.24712686240673065,
      "mse": 0.08146363496780396,
      "rmse": 0.2854183614253998,
      "mape": 87.78473663330078,
      "r2": 0.9359937906265259
    },
    "moving_average_3": {
      "mae": 0.4842888414859772,
      "mse": 0.2778025269508362,
      "rmse": 0.5270697474479675,
      "mape": 152.42825317382812,
      "r2": 0.7817298173904419
    },
    "relative_improvement_rmse_pct": {
      "vs_naive_last": -374.1005007149593,
      "vs_moving_average_3": -156.73450410288206
    },
    "evaluation_context": {
      "split": "test",
      "scale": "train_fit_only_then_transform",
      "horizon": 1,
      "sequence_length": 24
    }
  },
  "checkpoints": {
    "best": "checkpoints/syn-s1-20260218-211731/best.keras",
    "last": "checkpoints/syn-s1-20260218-211731/last.keras"
  },
  "preprocessor": "artifacts/models/syn-s1-20260218-211731/preprocessor.pkl",
  "split_indices": {
    "n_total": 96,
    "train": {
      "start": 0,
      "end": 60
    },
    "val": {
      "start": 60,
      "end": 76
    },
    "test": {
      "start": 76,
      "end": 96
    },
    "ratios": {
      "test_size": 0.2,
      "val_size": 0.2
    },
    "source": "processed_xy"
  },
  "inference": {
    "x_shape": [
      1,
      24,
      1
    ],
    "y_true_last": [
      -1.025420069694519
    ],
    "y_pred_last": [
      0.17328882217407227
    ]
  },
  "timestamps": {
    "start": "2026-02-18T21:17:36.955621",
    "end": "2026-02-18T21:17:36.955625",
    "saved_at": "2026-02-18T21:17:36.981209"
  },
  "commit_hash": null,
  "commit_hash_source": "unavailable",
  "metadata_path": "artifacts/metadata/syn-s1-20260218-211731.json"
}