{
  "run_id": "syn-s3-20260218-211731",
  "backend": "tensorflow",
  "config": {
    "sequence_length": 24,
    "horizon": 1,
    "hidden_units": [
      64,
      32
    ],
    "dropout": 0.2,
    "learning_rate": 0.001,
    "epochs": 1,
    "batch_size": 16,
    "test_size": 0.2,
    "val_size": 0.2,
    "normalize": true,
    "normalize_method": "minmax",
    "seed": 42,
    "processed_npz": "artifacts/processed/syn-s3-20260218-211731/processed.npz",
    "preprocessor_pkl": "artifacts/models/syn-s3-20260218-211731/preprocessor.pkl",
    "input_npy": null,
    "synthetic_samples": 800,
    "synthetic_noise": 0.08,
    "model_type": "lstm",
    "feature_mode": "univariate",
    "target_cols": [
      "target"
    ],
    "dynamic_covariates": [],
    "static_covariates": [],
    "covariate_spec": {},
    "export_formats": [
      "none"
    ]
  },
  "metrics": {
    "mae": 1.0989325046539307,
    "mse": 1.6128352880477905,
    "rmse": 1.2699744701385498,
    "mape": 111.10343933105469,
    "r2": -0.23640155792236328
  },
  "baselines": {
    "lstm": {
      "mae": 1.0989325046539307,
      "mse": 1.6128352880477905,
      "rmse": 1.2699744701385498,
      "mape": 111.10343933105469,
      "r2": -0.23640155792236328
    },
    "naive_last": {
      "mae": 0.7598861455917358,
      "mse": 1.239246129989624,
      "rmse": 1.113214373588562,
      "mape": 224.9176788330078,
      "r2": 0.04999244213104248
    },
    "moving_average_3": {
      "mae": 0.9863107800483704,
      "mse": 1.7466199398040771,
      "rmse": 1.3215974569320679,
      "mape": 228.2611541748047,
      "r2": -0.33896100521087646
    },
    "relative_improvement_rmse_pct": {
      "vs_naive_last": -14.081752702894063,
      "vs_moving_average_3": 3.9061051557063533
    },
    "evaluation_context": {
      "split": "test",
      "scale": "train_fit_only_then_transform",
      "horizon": 1,
      "sequence_length": 24
    }
  },
  "checkpoints": {
    "best": "checkpoints/syn-s3-20260218-211731/best.keras",
    "last": "checkpoints/syn-s3-20260218-211731/last.keras"
  },
  "preprocessor": "artifacts/models/syn-s3-20260218-211731/preprocessor.pkl",
  "split_indices": {
    "n_total": 96,
    "train": {
      "start": 0,
      "end": 60
    },
    "val": {
      "start": 60,
      "end": 76
    },
    "test": {
      "start": 76,
      "end": 96
    },
    "ratios": {
      "test_size": 0.2,
      "val_size": 0.2
    },
    "source": "processed_xy"
  },
  "inference": {
    "x_shape": [
      1,
      24,
      1
    ],
    "y_true_last": [
      -0.3910590708255768
    ],
    "y_pred_last": [
      0.1106618270277977
    ]
  },
  "timestamps": {
    "start": "2026-02-18T21:17:48.310983",
    "end": "2026-02-18T21:17:48.310988",
    "saved_at": "2026-02-18T21:17:48.333658"
  },
  "commit_hash": null,
  "commit_hash_source": "unavailable",
  "metadata_path": "artifacts/metadata/syn-s3-20260218-211731.json"
}