{
  "run_id": "syn-s2-20260218-211731",
  "backend": "tensorflow",
  "config": {
    "sequence_length": 24,
    "horizon": 1,
    "hidden_units": [
      64,
      32
    ],
    "dropout": 0.2,
    "learning_rate": 0.001,
    "epochs": 1,
    "batch_size": 16,
    "test_size": 0.2,
    "val_size": 0.2,
    "normalize": true,
    "normalize_method": "minmax",
    "seed": 42,
    "processed_npz": "artifacts/processed/syn-s2-20260218-211731/processed.npz",
    "preprocessor_pkl": "artifacts/models/syn-s2-20260218-211731/preprocessor.pkl",
    "input_npy": null,
    "synthetic_samples": 800,
    "synthetic_noise": 0.08,
    "model_type": "lstm",
    "feature_mode": "univariate",
    "target_cols": [
      "target"
    ],
    "dynamic_covariates": [],
    "static_covariates": [],
    "covariate_spec": {},
    "export_formats": [
      "none"
    ]
  },
  "metrics": {
    "mae": 1.0931718349456787,
    "mse": 1.7316844463348389,
    "rmse": 1.3159347772598267,
    "mape": 156.4695281982422,
    "r2": -2.004307270050049
  },
  "baselines": {
    "lstm": {
      "mae": 1.0931718349456787,
      "mse": 1.7316844463348389,
      "rmse": 1.3159347772598267,
      "mape": 156.4695281982422,
      "r2": -2.004307270050049
    },
    "naive_last": {
      "mae": 0.17450504004955292,
      "mse": 0.039851121604442596,
      "rmse": 0.19962745904922485,
      "mape": 78.32318115234375,
      "r2": 0.9308621287345886
    },
    "moving_average_3": {
      "mae": 0.34012994170188904,
      "mse": 0.1358969509601593,
      "rmse": 0.36864203214645386,
      "mape": 224.0588836669922,
      "r2": 0.76423180103302
    },
    "relative_improvement_rmse_pct": {
      "vs_naive_last": -559.1952467900792,
      "vs_moving_average_3": -256.9681796459431
    },
    "evaluation_context": {
      "split": "test",
      "scale": "train_fit_only_then_transform",
      "horizon": 1,
      "sequence_length": 24
    }
  },
  "checkpoints": {
    "best": "checkpoints/syn-s2-20260218-211731/best.keras",
    "last": "checkpoints/syn-s2-20260218-211731/last.keras"
  },
  "preprocessor": "artifacts/models/syn-s2-20260218-211731/preprocessor.pkl",
  "split_indices": {
    "n_total": 96,
    "train": {
      "start": 0,
      "end": 60
    },
    "val": {
      "start": 60,
      "end": 76
    },
    "test": {
      "start": 76,
      "end": 96
    },
    "ratios": {
      "test_size": 0.2,
      "val_size": 0.2
    },
    "source": "processed_xy"
  },
  "inference": {
    "x_shape": [
      1,
      24,
      1
    ],
    "y_true_last": [
      0.8847162127494812
    ],
    "y_pred_last": [
      -0.06500586122274399
    ]
  },
  "timestamps": {
    "start": "2026-02-18T21:17:42.569275",
    "end": "2026-02-18T21:17:42.569279",
    "saved_at": "2026-02-18T21:17:42.591475"
  },
  "commit_hash": null,
  "commit_hash_source": "unavailable",
  "metadata_path": "artifacts/metadata/syn-s2-20260218-211731.json"
}