{
  "mae": 0.03284973925565845,
  "mse": 0.0016271667058000107,
  "rmse": 0.04033815446695611,
  "mape": 54.40572589592516,
  "r2": 0.975430743898494
}